Station Id;Date Timestamp [UTC];Date Txt [UTC]; Average Wind Speed [nds];Min Wind Speed [nds];Max Wind Speed [nds];Wind Direction [degree];Wind Direction [txt]
2;1652140929;2022-05-10 02:02;4;4;5;270;O;
2;1652148259;2022-05-10 04:04;0;0;0;270;O;
2;1652163013;2022-05-10 08:10;8;7;9;270;O;
2;1652163128;2022-05-10 08:12;5;5;7;270;O;
2;1652163241;2022-05-10 08:14;5;4;5;270;O;
2;1652163353;2022-05-10 08:15;5;4;5;270;O;
2;1652163499;2022-05-10 08:18;5;5;7;270;O;
2;1652163613;2022-05-10 08:20;5;5;7;270;O;
2;1652163725;2022-05-10 08:22;5;5;5;270;O;
2;1652163841;2022-05-10 08:24;5;4;5;270;O;
2;1652163955;2022-05-10 08:25;5;5;7;270;O;
2;1652164070;2022-05-10 08:27;5;5;5;270;O;
2;1652164183;2022-05-10 08:29;5;4;5;270;O;
2;1652164297;2022-05-10 08:31;5;4;7;270;O;
2;1652164412;2022-05-10 08:33;5;4;5;270;O;
2;1652164526;2022-05-10 08:35;5;5;5;270;O;
2;1652164642;2022-05-10 08:37;5;4;5;270;O;
2;1652164759;2022-05-10 08:39;5;5;5;270;O;
2;1652164911;2022-05-10 08:41;4;3;5;270;O;
2;1652165024;2022-05-10 08:43;5;4;7;270;O;
2;1652165139;2022-05-10 08:45;4;4;5;270;O;
2;1652165254;2022-05-10 08:47;4;4;5;270;O;
2;1652165369;2022-05-10 08:49;4;4;5;270;O;
2;1652165482;2022-05-10 08:51;4;3;5;270;O;
2;1652165595;2022-05-10 08:53;4;4;4;270;O;
2;1652165760;2022-05-10 08:56;4;3;4;270;O;
2;1652165875;2022-05-10 08:57;4;4;5;270;O;
2;1652165988;2022-05-10 08:59;5;4;5;270;O;
2;1652166103;2022-05-10 09:01;5;4;5;270;O;
2;1652166216;2022-05-10 09:03;4;4;5;270;O;
2;1652166330;2022-05-10 09:05;5;4;5;270;O;
2;1652166447;2022-05-10 09:07;7;5;7;270;O;
2;1652166561;2022-05-10 09:09;7;7;8;270;O;
2;1652166676;2022-05-10 09:11;7;7;7;270;O;
2;1652166841;2022-05-10 09:14;7;7;8;270;O;
2;1652166955;2022-05-10 09:15;8;8;8;270;O;
2;1652167070;2022-05-10 09:17;8;7;8;270;O;
2;1652167182;2022-05-10 09:19;8;7;8;270;O;
2;1652167295;2022-05-10 09:21;8;8;8;270;O;
2;1652167410;2022-05-10 09:23;7;7;8;270;O;
2;1652167524;2022-05-10 09:25;8;7;9;270;O;
2;1652167640;2022-05-10 09:27;8;8;9;270;O;
2;1652167794;2022-05-10 09:29;7;5;8;270;O;
2;1652167907;2022-05-10 09:31;5;5;5;270;O;
2;1652168020;2022-05-10 09:33;4;4;5;270;O;
2;1652168136;2022-05-10 09:35;4;4;5;270;O;
2;1652168252;2022-05-10 09:37;5;4;7;270;O;
2;1652168369;2022-05-10 09:39;5;5;8;270;O;
2;1652168482;2022-05-10 09:41;5;5;7;270;O;
2;1652168596;2022-05-10 09:43;7;5;7;270;O;
2;1652168761;2022-05-10 09:46;4;4;7;270;O;
2;1652168876;2022-05-10 09:47;4;4;5;270;O;
2;1652168988;2022-05-10 09:49;4;3;4;270;O;
2;1652169106;2022-05-10 09:51;4;3;4;270;O;
2;1652169220;2022-05-10 09:53;3;3;4;270;O;
2;1652169333;2022-05-10 09:55;0;0;0;270;O;
2;1652169450;2022-05-10 09:57;0;0;0;270;O;
2;1652169564;2022-05-10 09:59;1;0;1;270;O;
2;1652169680;2022-05-10 10:01;1;0;1;270;O;
2;1652169835;2022-05-10 10:03;0;0;0;270;O;
2;1652169949;2022-05-10 10:05;0;0;0;270;O;
2;1652170064;2022-05-10 10:07;1;0;3;270;O;
2;1652170176;2022-05-10 10:09;1;1;3;270;O;
2;1652170290;2022-05-10 10:11;3;1;5;270;O;
2;1652170404;2022-05-10 10:13;4;4;5;270;O;
2;1652170518;2022-05-10 10:15;5;5;7;270;O;
2;1652170683;2022-05-10 10:18;5;4;7;270;O;
2;1652170800;2022-05-10 10:20;5;4;7;270;O;
2;1652170912;2022-05-10 10:21;5;5;7;270;O;
2;1652171028;2022-05-10 10:23;5;5;7;270;O;
2;1652171143;2022-05-10 10:25;4;4;5;270;O;
2;1652171256;2022-05-10 10:27;7;5;7;270;O;
2;1652171371;2022-05-10 10:29;5;5;7;270;O;
2;1652171484;2022-05-10 10:31;5;4;5;270;O;
2;1652171597;2022-05-10 10:33;5;4;7;270;O;
2;1652171762;2022-05-10 10:36;5;4;7;270;O;
2;1652171877;2022-05-10 10:37;4;3;5;270;O;
2;1652171990;2022-05-10 10:39;4;3;5;270;O;
2;1652172104;2022-05-10 10:41;5;4;7;270;O;
2;1652172219;2022-05-10 10:43;5;4;7;270;O;
2;1652172334;2022-05-10 10:45;5;4;7;270;O;
2;1652172447;2022-05-10 10:47;5;4;5;270;O;
2;1652172561;2022-05-10 10:49;4;3;5;270;O;
2;1652172676;2022-05-10 10:51;4;4;5;270;O;
2;1652172841;2022-05-10 10:54;4;4;5;270;O;
2;1652172956;2022-05-10 10:55;4;3;4;270;O;
2;1652173071;2022-05-10 10:57;4;3;5;270;O;
2;1652173192;2022-05-10 10:59;4;3;5;270;O;
2;1652173311;2022-05-10 11:01;3;3;4;270;O;
2;1652173427;2022-05-10 11:03;4;3;5;270;O;
2;1652173542;2022-05-10 11:05;4;3;5;270;O;
2;1652173656;2022-05-10 11:07;3;3;4;270;O;
2;1652173769;2022-05-10 11:09;5;4;7;270;O;
2;1652173885;2022-05-10 11:11;4;4;5;270;O;
2;1652174000;2022-05-10 11:13;7;7;7;270;O;
2;1652174155;2022-05-10 11:15;4;3;5;270;O;
2;1652174268;2022-05-10 11:17;4;4;5;270;O;
2;1652174383;2022-05-10 11:19;4;3;5;270;O;
2;1652174496;2022-05-10 11:21;5;4;5;270;O;
2;1652174611;2022-05-10 11:23;4;3;4;270;O;
2;1652174727;2022-05-10 11:25;4;3;4;270;O;
2;1652174841;2022-05-10 11:27;4;3;4;270;O;
2;1652174956;2022-05-10 11:29;4;4;5;270;O;
2;1652175120;2022-05-10 11:32;4;3;5;270;O;
2;1652175233;2022-05-10 11:33;4;4;5;270;O;
2;1652175347;2022-05-10 11:35;5;5;7;270;O;
2;1652175461;2022-05-10 11:37;5;4;7;270;O;
2;1652175577;2022-05-10 11:39;5;4;5;270;O;
2;1652175692;2022-05-10 11:41;4;3;5;270;O;
2;1652175806;2022-05-10 11:43;4;3;5;270;O;
2;1652175920;2022-05-10 11:45;4;4;5;270;O;
2;1652176037;2022-05-10 11:47;5;4;5;270;O;
2;1652176200;2022-05-10 11:50;5;4;7;270;O;
2;1652176314;2022-05-10 11:51;5;4;5;270;O;
2;1652176430;2022-05-10 11:53;5;5;5;270;O;
2;1652176543;2022-05-10 11:55;5;4;7;270;O;
2;1652176660;2022-05-10 11:57;5;5;7;270;O;
2;1652176774;2022-05-10 11:59;7;7;8;270;O;
2;1652176888;2022-05-10 12:01;7;5;7;270;O;
2;1652177003;2022-05-10 12:03;8;7;8;270;O;
2;1652177115;2022-05-10 12:05;8;8;9;270;O;
2;1652177279;2022-05-10 12:07;7;7;8;270;O;
2;1652177394;2022-05-10 12:09;8;7;8;270;O;
2;1652177507;2022-05-10 12:11;7;7;8;270;O;
2;1652177620;2022-05-10 12:13;7;5;8;270;O;
2;1652177738;2022-05-10 12:15;5;5;5;270;O;
2;1652177852;2022-05-10 12:17;5;5;7;270;O;
2;1652177968;2022-05-10 12:19;5;4;5;270;O;
2;1652178083;2022-05-10 12:21;5;5;7;270;O;
2;1652178196;2022-05-10 12:23;7;7;7;270;O;
2;1652178362;2022-05-10 12:26;5;4;7;270;O;
2;1652178477;2022-05-10 12:27;5;4;7;270;O;
2;1652178592;2022-05-10 12:29;5;4;7;270;O;
2;1652178708;2022-05-10 12:31;5;5;7;270;O;
2;1652178821;2022-05-10 12:33;5;5;7;270;O;
2;1652178936;2022-05-10 12:35;5;5;7;270;O;
2;1652179053;2022-05-10 12:37;7;7;8;270;O;
2;1652179166;2022-05-10 12:39;7;5;7;270;O;
2;1652179281;2022-05-10 12:41;7;5;7;270;O;
2;1652179393;2022-05-10 12:43;7;5;8;270;O;
2;1652179557;2022-05-10 12:45;5;4;7;270;O;
2;1652179674;2022-05-10 12:47;7;5;7;270;O;
2;1652179785;2022-05-10 12:49;7;5;7;270;O;
2;1652179899;2022-05-10 12:51;7;5;8;270;O;
2;1652180013;2022-05-10 12:53;7;5;7;270;O;
2;1652180127;2022-05-10 12:55;8;5;8;270;O;
2;1652180254;2022-05-10 12:57;8;5;9;270;O;
2;1652180369;2022-05-10 12:59;8;7;9;270;O;
2;1652180482;2022-05-10 13:01;7;5;8;270;O;
2;1652180597;2022-05-10 13:03;5;4;7;270;O;
2;1652180760;2022-05-10 13:06;7;5;8;270;O;
2;1652180875;2022-05-10 13:07;5;5;7;270;O;
2;1652180992;2022-05-10 13:09;7;7;8;270;O;
2;1652181104;2022-05-10 13:11;5;4;7;270;O;
2;1652181216;2022-05-10 13:13;7;5;8;270;O;
2;1652181332;2022-05-10 13:15;5;4;7;270;O;
2;1652181444;2022-05-10 13:17;5;4;7;270;O;
2;1652181557;2022-05-10 13:19;5;4;5;270;O;
2;1652181724;2022-05-10 13:22;4;3;5;270;O;
2;1652181838;2022-05-10 13:23;3;3;4;270;O;
2;1652181955;2022-05-10 13:25;3;1;4;270;O;
2;1652182069;2022-05-10 13:27;1;0;3;270;O;
2;1652182183;2022-05-10 13:29;3;0;5;270;O;
2;1652182297;2022-05-10 13:31;3;3;4;270;O;
2;1652182410;2022-05-10 13:33;4;1;5;270;O;
2;1652182524;2022-05-10 13:35;5;5;5;270;O;
2;1652182638;2022-05-10 13:37;7;5;7;270;O;
2;1652182804;2022-05-10 13:40;7;5;7;270;O;
2;1652183264;2022-05-10 13:47;8;7;9;270;O;
2;1652183379;2022-05-10 13:49;8;8;8;270;O;
2;1652183491;2022-05-10 13:51;8;8;9;270;O;
2;1652183607;2022-05-10 13:53;8;7;8;270;O;
2;1652183721;2022-05-10 13:55;8;8;9;270;O;
2;1652183837;2022-05-10 13:57;8;8;9;270;O;
2;1652184001;2022-05-10 14:00;8;8;9;270;O;
2;1652184131;2022-05-10 14:02;9;8;9;270;O;
2;1652184247;2022-05-10 14:04;9;8;9;270;O;
2;1652184361;2022-05-10 14:06;9;9;11;270;O;
2;1652184474;2022-05-10 14:07;9;8;9;270;O;
2;1652184590;2022-05-10 14:09;9;8;9;270;O;
2;1652184716;2022-05-10 14:11;9;9;11;270;O;
2;1652184829;2022-05-10 14:13;9;8;9;270;O;
2;1652184945;2022-05-10 14:15;9;8;9;270;O;
2;1652185059;2022-05-10 14:17;9;9;11;270;O;
2;1652185173;2022-05-10 14:19;9;8;9;270;O;
2;1652185286;2022-05-10 14:21;8;7;9;270;O;
2;1652185400;2022-05-10 14:23;7;7;8;270;O;
2;1652185556;2022-05-10 14:25;8;7;8;270;O;
2;1652185669;2022-05-10 14:27;9;8;9;270;O;
2;1652185781;2022-05-10 14:29;9;8;11;270;O;
2;1652185896;2022-05-10 14:31;9;8;11;270;O;
2;1652186009;2022-05-10 14:33;9;8;9;270;O;
2;1652186122;2022-05-10 14:35;8;7;9;270;O;
2;1652186239;2022-05-10 14:37;8;8;9;270;O;
2;1652186401;2022-05-10 14:40;7;7;9;270;O;
2;1652186516;2022-05-10 14:41;8;8;9;270;O;
2;1652186629;2022-05-10 14:43;8;8;9;270;O;
2;1652186753;2022-05-10 14:45;8;8;9;270;O;
2;1652186869;2022-05-10 14:47;8;8;9;270;O;
2;1652186982;2022-05-10 14:49;7;7;8;270;O;
2;1652187094;2022-05-10 14:51;9;8;9;270;O;
2;1652187218;2022-05-10 14:53;9;8;9;270;O;
2;1652187332;2022-05-10 14:55;9;8;9;270;O;
2;1652187448;2022-05-10 14:57;9;8;9;270;O;
2;1652187563;2022-05-10 14:59;8;7;9;270;O;
2;1652187676;2022-05-10 15:01;8;8;9;270;O;
2;1652187841;2022-05-10 15:04;8;7;9;270;O;
2;1652187954;2022-05-10 15:05;9;8;9;270;O;
2;1652188068;2022-05-10 15:07;9;9;11;270;O;
2;1652188182;2022-05-10 15:09;11;9;11;270;O;
2;1652188298;2022-05-10 15:11;11;9;12;270;O;
2;1652188410;2022-05-10 15:13;11;9;12;270;O;
2;1652188525;2022-05-10 15:15;11;9;11;270;O;
2;1652188638;2022-05-10 15:17;12;12;14;270;O;
2;1652188800;2022-05-10 15:20;11;9;11;270;O;
2;1652188914;2022-05-10 15:21;11;9;11;270;O;
2;1652189028;2022-05-10 15:23;11;11;12;270;O;
2;1652189142;2022-05-10 15:25;11;9;11;270;O;
2;1652189256;2022-05-10 15:27;9;9;11;270;O;
2;1652189369;2022-05-10 15:29;9;9;11;270;O;
2;1652189484;2022-05-10 15:31;11;9;11;270;O;
2;1652189598;2022-05-10 15:33;9;8;9;270;O;
2;1652189762;2022-05-10 15:36;9;8;11;270;O;
2;1652189878;2022-05-10 15:37;9;9;11;270;O;
2;1652189992;2022-05-10 15:39;11;11;11;270;O;
2;1652190108;2022-05-10 15:41;11;11;11;270;O;
2;1652190222;2022-05-10 15:43;11;11;12;270;O;
2;1652190335;2022-05-10 15:45;11;11;12;270;O;
2;1652190451;2022-05-10 15:47;12;12;14;270;O;
2;1652190564;2022-05-10 15:49;12;11;12;270;O;
2;1652190677;2022-05-10 15:51;12;11;12;270;O;
2;1652190844;2022-05-10 15:54;11;9;12;270;O;
2;1652190958;2022-05-10 15:55;11;11;12;270;O;
2;1652191072;2022-05-10 15:57;12;11;14;270;O;
2;1652191187;2022-05-10 15:59;12;11;12;270;O;
2;1652191300;2022-05-10 16:01;11;9;11;270;O;
2;1652191413;2022-05-10 16:03;11;11;11;270;O;
2;1652191530;2022-05-10 16:05;11;9;12;270;O;
2;1652191644;2022-05-10 16:07;12;12;14;270;O;
2;1652191756;2022-05-10 16:09;12;10;12;225;SO;
2;1652191922;2022-05-10 16:12;10;9;10;225;SO;
2;1652192035;2022-05-10 16:13;12;10;12;225;SO;
2;1652192152;2022-05-10 16:15;12;12;13;225;SO;
2;1652192279;2022-05-10 16:17;13;12;13;225;SO;
2;1652192394;2022-05-10 16:19;12;10;12;225;SO;
2;1652192511;2022-05-10 16:21;10;9;12;225;SO;
2;1652192626;2022-05-10 16:23;10;10;12;225;SO;
2;1652192743;2022-05-10 16:25;12;10;12;225;SO;
2;1652192859;2022-05-10 16:27;10;10;12;225;SO;
2;1652192972;2022-05-10 16:29;10;9;12;225;SO;
2;1652193085;2022-05-10 16:31;10;9;12;225;SO;
2;1652193201;2022-05-10 16:33;12;10;12;225;SO;
2;1652193316;2022-05-10 16:35;10;9;12;225;SO;
2;1652193484;2022-05-10 16:38;10;9;12;225;SO;
2;1652193598;2022-05-10 16:39;10;10;12;225;SO;
2;1652193713;2022-05-10 16:41;12;12;13;225;SO;
2;1652193827;2022-05-10 16:43;12;12;13;225;SO;
2;1652193941;2022-05-10 16:45;12;12;13;225;SO;
2;1652194258;2022-05-10 16:50;12;12;13;225;SO;
2;1652194441;2022-05-10 16:54;13;12;14;225;SO;
2;1652194713;2022-05-10 16:58;12;12;13;225;SO;
2;1652194917;2022-05-10 17:01;13;12;14;225;SO;
2;1652195046;2022-05-10 17:04;14;12;16;225;SO;
2;1652195159;2022-05-10 17:05;13;13;16;225;SO;
2;1652195272;2022-05-10 17:07;13;13;14;225;SO;
2;1652195387;2022-05-10 17:09;13;12;14;225;SO;
2;1652195500;2022-05-10 17:11;13;12;14;225;SO;
2;1652195613;2022-05-10 17:13;13;13;16;225;SO;
2;1652195727;2022-05-10 17:15;13;12;13;225;SO;
2;1652195841;2022-05-10 17:17;13;12;13;225;SO;
2;1652195955;2022-05-10 17:19;13;12;14;225;SO;
2;1652196140;2022-05-10 17:22;13;12;14;225;SO;
2;1652196254;2022-05-10 17:24;16;14;17;225;SO;
2;1652196368;2022-05-10 17:26;16;14;16;225;SO;
2;1652196481;2022-05-10 17:28;14;13;16;225;SO;
2;1652196596;2022-05-10 17:29;14;14;16;225;SO;
2;1652196711;2022-05-10 17:31;14;13;16;225;SO;
2;1652196823;2022-05-10 17:33;14;14;16;225;SO;
2;1652196936;2022-05-10 17:35;13;12;14;225;SO;
2;1652197053;2022-05-10 17:37;14;13;16;225;SO;
2;1652197166;2022-05-10 17:39;13;12;14;225;SO;
2;1652197280;2022-05-10 17:41;14;13;16;225;SO;
2;1652197435;2022-05-10 17:43;14;14;16;225;SO;
2;1652197549;2022-05-10 17:45;16;14;17;225;SO;
2;1652197666;2022-05-10 17:47;16;14;17;225;SO;
2;1652197782;2022-05-10 17:49;16;13;17;225;SO;
2;1652197896;2022-05-10 17:51;16;14;18;225;SO;
2;1652198013;2022-05-10 17:53;16;14;18;225;SO;
2;1652198130;2022-05-10 17:55;16;14;18;225;SO;
2;1652198245;2022-05-10 17:57;17;14;18;225;SO;
2;1652198360;2022-05-10 17:59;16;14;17;225;SO;
2;1652198473;2022-05-10 18:01;17;17;18;225;SO;
2;1652198635;2022-05-10 18:03;17;16;18;225;SO;
2;1652198749;2022-05-10 18:05;17;16;18;225;SO;
2;1652198862;2022-05-10 18:07;16;14;17;225;SO;
2;1652198976;2022-05-10 18:09;17;16;17;225;SO;
2;1652199091;2022-05-10 18:11;17;16;18;225;SO;
2;1652199204;2022-05-10 18:13;16;14;18;225;SO;
2;1652199336;2022-05-10 18:15;17;17;18;225;SO;
2;1652199449;2022-05-10 18:17;17;16;17;225;SO;
2;1652199564;2022-05-10 18:19;17;16;18;225;SO;
2;1652199679;2022-05-10 18:21;17;16;17;225;SO;
2;1652199843;2022-05-10 18:24;16;14;17;225;SO;
2;1652199959;2022-05-10 18:25;16;14;18;225;SO;
2;1652200075;2022-05-10 18:27;17;14;20;225;SO;
2;1652200188;2022-05-10 18:29;17;16;20;225;SO;
2;1652200300;2022-05-10 18:31;17;17;18;225;SO;
2;1652200416;2022-05-10 18:33;17;16;20;225;SO;
2;1652200530;2022-05-10 18:35;17;16;18;225;SO;
2;1652200662;2022-05-10 18:37;17;14;20;225;SO;
2;1652200776;2022-05-10 18:39;18;16;20;225;SO;
2;1652200890;2022-05-10 18:41;16;14;18;225;SO;
2;1652201005;2022-05-10 18:43;17;16;20;225;SO;
2;1652201120;2022-05-10 18:45;17;16;18;225;SO;
2;1652201273;2022-05-10 18:47;17;16;20;225;SO;
2;1652201388;2022-05-10 18:49;17;16;18;225;SO;
2;1652201501;2022-05-10 18:51;17;16;18;225;SO;
2;1652201614;2022-05-10 18:53;17;17;18;225;SO;
2;1652201729;2022-05-10 18:55;17;16;18;225;SO;
2;1652201843;2022-05-10 18:57;17;16;18;225;SO;
2;1652201958;2022-05-10 18:59;17;16;18;225;SO;
2;1652202122;2022-05-10 19:02;17;16;18;225;SO;
2;1652202236;2022-05-10 19:03;17;16;20;225;SO;
2;1652202350;2022-05-10 19:05;17;16;20;225;SO;
2;1652202464;2022-05-10 19:07;17;14;20;225;SO;
2;1652202578;2022-05-10 19:09;16;14;17;225;SO;
2;1652202693;2022-05-10 19:11;17;16;17;225;SO;
2;1652202809;2022-05-10 19:13;16;16;17;225;SO;
2;1652202924;2022-05-10 19:15;17;16;18;225;SO;
2;1652203041;2022-05-10 19:17;17;14;18;225;SO;
2;1652203156;2022-05-10 19:19;17;16;18;225;SO;
2;1652203320;2022-05-10 19:22;17;16;20;225;SO;
2;1652203434;2022-05-10 19:23;17;16;17;225;SO;
2;1652203546;2022-05-10 19:25;17;14;18;225;SO;
2;1652203661;2022-05-10 19:27;16;14;17;225;SO;
2;1652203790;2022-05-10 19:29;18;16;18;225;SO;
2;1652203905;2022-05-10 19:31;16;14;18;225;SO;
2;1652204020;2022-05-10 19:33;16;14;16;225;SO;
2;1652204135;2022-05-10 19:35;16;14;17;225;SO;
2;1652204247;2022-05-10 19:37;14;13;16;225;SO;
2;1652204363;2022-05-10 19:39;16;14;17;225;SO;
2;1652204477;2022-05-10 19:41;17;16;18;225;SO;
2;1652204642;2022-05-10 19:44;16;13;18;225;SO;
2;1652204756;2022-05-10 19:45;16;14;16;225;SO;
2;1652204870;2022-05-10 19:47;16;13;17;225;SO;
2;1652204985;2022-05-10 19:49;17;14;18;225;SO;
2;1652205099;2022-05-10 19:51;17;16;18;225;SO;
2;1652205212;2022-05-10 19:53;17;16;18;225;SO;
2;1652205328;2022-05-10 19:55;17;16;18;225;SO;
2;1652205457;2022-05-10 19:57;17;16;18;225;SO;
2;1652205571;2022-05-10 19:59;17;16;18;225;SO;
2;1652205837;2022-05-10 20:03;17;14;20;225;SO;
2;1652205950;2022-05-10 20:05;17;16;18;225;SO;
2;1652206067;2022-05-10 20:07;17;14;18;225;SO;
2;1652206180;2022-05-10 20:09;20;17;21;225;SO;
2;1652206296;2022-05-10 20:11;18;16;21;225;SO;
2;1652206409;2022-05-10 20:13;20;20;21;225;SO;
2;1652206522;2022-05-10 20:15;20;18;20;225;SO;
2;1652206637;2022-05-10 20:17;20;17;21;225;SO;
2;1652206801;2022-05-10 20:20;18;16;20;225;SO;
2;1652206915;2022-05-10 20:21;17;16;20;225;SO;
2;1652207030;2022-05-10 20:23;18;16;21;225;SO;
2;1652207143;2022-05-10 20:25;18;16;21;225;SO;
2;1652207256;2022-05-10 20:27;17;16;20;225;SO;
2;1652207371;2022-05-10 20:29;17;16;18;225;SO;
2;1652207484;2022-05-10 20:31;18;17;21;225;SO;
2;1652207601;2022-05-10 20:33;17;16;20;225;SO;
2;1652207715;2022-05-10 20:35;18;17;21;225;SO;
2;1652207879;2022-05-10 20:37;18;16;21;225;SO;
2;1652207994;2022-05-10 20:39;18;17;21;225;SO;
2;1652208109;2022-05-10 20:41;18;17;20;225;SO;
2;1652208221;2022-05-10 20:43;18;16;20;225;SO;
2;1652208337;2022-05-10 20:45;20;18;20;225;SO;
2;1652208449;2022-05-10 20:47;18;17;20;225;SO;
2;1652208563;2022-05-10 20:49;18;17;20;225;SO;
2;1652208680;2022-05-10 20:51;20;18;21;225;SO;
2;1652208794;2022-05-10 20:53;18;17;20;225;SO;
2;1652208960;2022-05-10 20:56;18;17;21;225;SO;
2;1652209073;2022-05-10 20:57;18;18;20;225;SO;
2;1652209186;2022-05-10 20:59;20;18;21;225;SO;
2;1652209300;2022-05-10 21:01;20;18;20;225;SO;
2;1652209414;2022-05-10 21:03;18;17;20;225;SO;
2;1652209526;2022-05-10 21:05;17;16;18;225;SO;
2;1652209640;2022-05-10 21:07;17;16;20;225;SO;
2;1652209756;2022-05-10 21:09;18;17;20;225;SO;
2;1652209919;2022-05-10 21:11;17;16;20;225;SO;
2;1652210035;2022-05-10 21:13;20;17;21;225;SO;
2;1652210149;2022-05-10 21:15;20;18;20;225;SO;
2;1652210265;2022-05-10 21:17;18;18;20;225;SO;
2;1652210381;2022-05-10 21:19;18;16;21;225;SO;
2;1652210496;2022-05-10 21:21;18;17;20;225;SO;
2;1652210611;2022-05-10 21:23;20;18;21;225;SO;
2;1652210724;2022-05-10 21:25;18;18;20;225;SO;
2;1652210837;2022-05-10 21:27;18;17;20;225;SO;
2;1652211003;2022-05-10 21:30;18;17;21;225;SO;
2;1652211118;2022-05-10 21:31;18;17;20;225;SO;
2;1652211231;2022-05-10 21:33;17;16;18;225;SO;
2;1652211346;2022-05-10 21:35;18;17;20;225;SO;
2;1652211459;2022-05-10 21:37;18;17;20;225;SO;
2;1652211577;2022-05-10 21:39;18;16;20;225;SO;
2;1652211690;2022-05-10 21:41;18;16;20;225;SO;
2;1652211803;2022-05-10 21:43;17;16;18;225;SO;
2;1652211919;2022-05-10 21:45;18;17;18;225;SO;
2;1652212075;2022-05-10 21:47;17;17;18;225;SO;
2;1652212190;2022-05-10 21:49;18;17;18;225;SO;
2;1652212309;2022-05-10 21:51;18;16;20;225;SO;
2;1652212423;2022-05-10 21:53;17;17;20;225;SO;
2;1652212537;2022-05-10 21:55;17;16;18;225;SO;
2;1652212652;2022-05-10 21:57;18;16;20;225;SO;
2;1652212767;2022-05-10 21:59;17;17;18;225;SO;
2;1652212882;2022-05-10 22:01;17;16;18;225;SO;
2;1652212995;2022-05-10 22:03;17;16;18;225;SO;
2;1652213159;2022-05-10 22:05;16;14;17;225;SO;
2;1652213274;2022-05-10 22:07;16;14;16;225;SO;
2;1652213388;2022-05-10 22:09;17;16;18;225;SO;
2;1652213514;2022-05-10 22:11;16;14;17;225;SO;
2;1652213628;2022-05-10 22:13;16;14;18;225;SO;
2;1652213741;2022-05-10 22:15;17;14;18;225;SO;
2;1652213855;2022-05-10 22:17;16;14;16;225;SO;
2;1652213969;2022-05-10 22:19;16;14;18;225;SO;
2;1652214083;2022-05-10 22:21;14;14;16;225;SO;
2;1652214195;2022-05-10 22:23;16;13;17;225;SO;
2;1652214361;2022-05-10 22:26;16;16;17;225;SO;
2;1652214474;2022-05-10 22:27;16;13;17;225;SO;
2;1652214589;2022-05-10 22:29;16;16;17;225;SO;
2;1652214702;2022-05-10 22:31;17;16;18;225;SO;
2;1652214815;2022-05-10 22:33;17;16;18;225;SO;
2;1652214930;2022-05-10 22:35;16;14;18;225;SO;
2;1652215043;2022-05-10 22:37;16;13;16;225;SO;
2;1652215155;2022-05-10 22:39;16;14;17;225;SO;
2;1652215323;2022-05-10 22:42;17;14;18;225;SO;
2;1652215438;2022-05-10 22:43;16;14;17;225;SO;
2;1652215551;2022-05-10 22:45;17;16;18;225;SO;
2;1652215680;2022-05-10 22:48;17;16;18;225;SO;
2;1652215797;2022-05-10 22:49;17;16;20;225;SO;
2;1652215915;2022-05-10 22:51;18;16;20;225;SO;
2;1652216029;2022-05-10 22:53;18;17;20;225;SO;
2;1652216142;2022-05-10 22:55;18;17;20;225;SO;
2;1652216260;2022-05-10 22:57;17;16;20;225;SO;
2;1652216375;2022-05-10 22:59;20;18;20;225;SO;
2;1652216488;2022-05-10 23:01;18;17;20;225;SO;
2;1652216603;2022-05-10 23:03;17;14;18;225;SO;
2;1652216719;2022-05-10 23:05;17;16;18;225;SO;
2;1652216872;2022-05-10 23:07;18;18;21;225;SO;
2;1652216988;2022-05-10 23:09;18;17;20;225;SO;
2;1652217100;2022-05-10 23:11;18;17;20;225;SO;
2;1652217216;2022-05-10 23:13;18;16;20;225;SO;
2;1652217329;2022-05-10 23:15;18;18;20;225;SO;
2;1652217441;2022-05-10 23:17;18;16;18;225;SO;
2;1652217557;2022-05-10 23:19;17;16;18;225;SO;
2;1652217720;2022-05-10 23:22;17;16;20;225;SO;
2;1652217833;2022-05-10 23:23;17;16;18;225;SO;
2;1652217949;2022-05-10 23:25;17;16;18;225;SO;
2;1652218062;2022-05-10 23:27;16;14;16;225;SO;
2;1652218174;2022-05-10 23:29;17;16;18;225;SO;
2;1652218289;2022-05-10 23:31;17;16;18;225;SO;
2;1652218401;2022-05-10 23:33;17;16;18;225;SO;
2;1652218519;2022-05-10 23:35;17;16;17;225;SO;
2;1652218675;2022-05-10 23:37;17;16;18;225;SO;
2;1652218788;2022-05-10 23:39;17;16;18;225;SO;
2;1652218902;2022-05-10 23:41;17;14;18;225;SO;
2;1652219017;2022-05-10 23:43;17;16;20;225;SO;
2;1652219131;2022-05-10 23:45;16;14;17;225;SO;
2;1652219245;2022-05-10 23:47;14;13;16;225;SO;
2;1652219360;2022-05-10 23:49;16;16;17;225;SO;
2;1652219474;2022-05-10 23:51;16;16;17;225;SO;
2;1652219641;2022-05-10 23:54;16;14;17;225;SO;
2;1652219754;2022-05-10 23:55;17;16;18;225;SO;
2;1652219868;2022-05-10 23:57;17;14;18;225;SO;
2;1652219981;2022-05-10 23:59;16;14;17;225;SO;
2;1652220095;2022-05-11 00:01;17;16;18;225;SO;
2;1652220210;2022-05-11 00:03;17;14;18;225;SO;
2;1652220323;2022-05-11 00:05;16;16;17;225;SO;
2;1652220438;2022-05-11 00:07;14;13;16;225;SO;
2;1652220602;2022-05-11 00:10;16;16;17;225;SO;
2;1652220716;2022-05-11 00:11;16;13;16;225;SO;
2;1652220828;2022-05-11 00:13;14;13;16;225;SO;
2;1652220945;2022-05-11 00:15;16;14;16;225;SO;
2;1652221057;2022-05-11 00:17;13;12;14;225;SO;
2;1652221172;2022-05-11 00:19;13;13;14;225;SO;
2;1652221285;2022-05-11 00:21;14;13;16;225;SO;
2;1652221399;2022-05-11 00:23;13;12;14;225;SO;
2;1652221565;2022-05-11 00:26;14;12;16;270;O;
2;1652221678;2022-05-11 00:27;15;12;16;270;O;
2;1652221806;2022-05-11 00:30;15;14;15;270;O;
2;1652221923;2022-05-11 00:32;15;14;16;270;O;
2;1652222036;2022-05-11 00:33;14;13;16;225;SO;
2;1652222149;2022-05-11 00:35;14;13;14;225;SO;
2;1652222264;2022-05-11 00:37;14;13;16;225;SO;
2;1652222378;2022-05-11 00:39;16;13;17;225;SO;
2;1652222490;2022-05-11 00:41;14;14;16;225;SO;
2;1652222619;2022-05-11 00:43;14;13;16;225;SO;
2;1652222731;2022-05-11 00:45;14;13;16;225;SO;
2;1652222847;2022-05-11 00:47;14;13;16;225;SO;
2;1652222959;2022-05-11 00:49;14;14;16;225;SO;
2;1652223112;2022-05-11 00:51;16;14;16;225;SO;
2;1652223230;2022-05-11 00:53;16;14;16;225;SO;
2;1652223343;2022-05-11 00:55;16;13;17;225;SO;
2;1652223457;2022-05-11 00:57;16;14;16;225;SO;
2;1652223571;2022-05-11 00:59;14;13;16;225;SO;
2;1652223684;2022-05-11 01:01;16;14;17;225;SO;
2;1652223800;2022-05-11 01:03;16;16;17;225;SO;
2;1652223915;2022-05-11 01:05;17;14;18;225;SO;
2;1652224079;2022-05-11 01:07;16;14;17;225;SO;
2;1652224194;2022-05-11 01:09;17;16;20;225;SO;
2;1652224307;2022-05-11 01:11;16;14;18;225;SO;
2;1652224421;2022-05-11 01:13;17;16;18;225;SO;
2;1652224536;2022-05-11 01:15;17;14;17;225;SO;
2;1652224648;2022-05-11 01:17;16;16;17;225;SO;
2;1652224761;2022-05-11 01:19;16;16;17;225;SO;
2;1652224876;2022-05-11 01:21;14;14;16;225;SO;
2;1652225040;2022-05-11 01:24;16;16;18;225;SO;
2;1652225153;2022-05-11 01:25;17;16;18;225;SO;
2;1652225270;2022-05-11 01:27;16;14;18;225;SO;
2;1652225382;2022-05-11 01:29;16;14;18;225;SO;
2;1652225497;2022-05-11 01:31;17;16;18;225;SO;
2;1652225611;2022-05-11 01:33;16;14;17;225;SO;
2;1652225724;2022-05-11 01:35;14;13;16;225;SO;
2;1652225840;2022-05-11 01:37;17;16;18;225;SO;
2;1652225955;2022-05-11 01:39;17;14;18;225;SO;
2;1652226119;2022-05-11 01:41;14;13;16;225;SO;
2;1652226236;2022-05-11 01:43;16;14;16;225;SO;
2;1652226349;2022-05-11 01:45;16;13;16;225;SO;
2;1652226463;2022-05-11 01:47;14;13;16;225;SO;
2;1652226579;2022-05-11 01:49;16;14;16;225;SO;
2;1652226695;2022-05-11 01:51;16;14;16;225;SO;
2;1652226812;2022-05-11 01:53;16;14;17;225;SO;
2;1652226925;2022-05-11 01:55;14;14;14;225;SO;
2;1652227037;2022-05-11 01:57;16;14;16;225;SO;
2;1652227204;2022-05-11 02:00;14;13;14;225;SO;
2;1652234530;2022-05-11 04:02;16;14;16;225;SO;
2;1652241871;2022-05-11 06:04;7;7;8;270;O;
2;1652249290;2022-05-11 08:08;9;8;10;225;SO;
2;1652249403;2022-05-11 08:10;9;8;9;225;SO;
2;1652249519;2022-05-11 08:11;9;9;10;225;SO;
2;1652249635;2022-05-11 08:13;9;8;9;225;SO;
2;1652249747;2022-05-11 08:15;9;8;10;225;SO;
2;1652249865;2022-05-11 08:17;9;8;9;225;SO;
2;1652249981;2022-05-11 08:19;9;8;9;225;SO;
2;1652250096;2022-05-11 08:21;9;9;10;225;SO;
2;1652250209;2022-05-11 08:23;9;8;10;225;SO;
2;1652250330;2022-05-11 08:25;9;8;9;225;SO;
2;1652250445;2022-05-11 08:27;9;9;12;225;SO;
2;1652250561;2022-05-11 08:29;9;8;10;225;SO;
2;1652250674;2022-05-11 08:31;10;9;12;225;SO;
2;1652250839;2022-05-11 08:33;9;9;10;225;SO;
2;1652250955;2022-05-11 08:35;9;9;10;225;SO;
2;1652251069;2022-05-11 08:37;10;9;10;225;SO;
2;1652251184;2022-05-11 08:39;9;9;10;225;SO;
2;1652251297;2022-05-11 08:41;9;8;10;225;SO;
2;1652251410;2022-05-11 08:43;9;8;10;225;SO;
2;1652251525;2022-05-11 08:45;10;9;10;225;SO;
2;1652251639;2022-05-11 08:47;9;9;10;225;SO;
2;1652251802;2022-05-11 08:50;10;9;12;225;SO;
2;1652251917;2022-05-11 08:51;10;9;12;225;SO;
2;1652252030;2022-05-11 08:53;9;8;9;225;SO;
2;1652252143;2022-05-11 08:55;8;8;9;225;SO;
2;1652252259;2022-05-11 08:57;8;8;9;225;SO;
2;1652252372;2022-05-11 08:59;9;8;9;225;SO;
2;1652252485;2022-05-11 09:01;9;8;10;225;SO;
2;1652252601;2022-05-11 09:03;8;8;9;225;SO;
2;1652252716;2022-05-11 09:05;8;8;9;225;SO;
2;1652252881;2022-05-11 09:08;9;8;9;225;SO;
2;1652252995;2022-05-11 09:09;8;8;8;225;SO;
2;1652253108;2022-05-11 09:11;9;8;9;225;SO;
2;1652253223;2022-05-11 09:13;9;8;10;225;SO;
2;1652253335;2022-05-11 09:15;9;8;9;225;SO;
2;1652253448;2022-05-11 09:17;9;9;10;225;SO;
2;1652253561;2022-05-11 09:19;9;8;10;225;SO;
2;1652253674;2022-05-11 09:21;8;8;9;225;SO;
2;1652253838;2022-05-11 09:23;8;7;9;225;SO;
2;1652253954;2022-05-11 09:25;8;8;9;225;SO;
2;1652254067;2022-05-11 09:27;8;8;9;225;SO;
2;1652254182;2022-05-11 09:29;8;7;9;225;SO;
2;1652254295;2022-05-11 09:31;8;7;9;225;SO;
2;1652254408;2022-05-11 09:33;8;7;9;225;SO;
2;1652254523;2022-05-11 09:35;8;7;9;225;SO;
2;1652254651;2022-05-11 09:37;8;7;9;225;SO;
2;1652254763;2022-05-11 09:39;8;8;9;225;SO;
2;1652254879;2022-05-11 09:41;8;8;9;225;SO;
2;1652255042;2022-05-11 09:44;8;7;8;225;SO;
2;1652255156;2022-05-11 09:45;8;7;9;225;SO;
2;1652255276;2022-05-11 09:47;8;7;9;225;SO;
2;1652255389;2022-05-11 09:49;8;8;8;225;SO;
2;1652255504;2022-05-11 09:51;8;8;9;225;SO;
2;1652255621;2022-05-11 09:53;9;8;9;225;SO;
2;1652255734;2022-05-11 09:55;8;7;8;225;SO;
2;1652255850;2022-05-11 09:57;8;7;8;225;SO;
2;1652255963;2022-05-11 09:59;8;7;8;225;SO;
2;1652256088;2022-05-11 10:01;8;7;8;225;SO;
2;1652256202;2022-05-11 10:03;8;7;8;225;SO;
2;1652256322;2022-05-11 10:05;7;5;8;225;SO;
2;1652256434;2022-05-11 10:07;8;8;8;225;SO;
2;1652256606;2022-05-11 10:10;7;7;8;225;SO;
2;1652256720;2022-05-11 10:12;8;7;8;225;SO;
2;1652256834;2022-05-11 10:13;7;7;8;225;SO;
2;1652256947;2022-05-11 10:15;7;5;8;225;SO;
2;1652257060;2022-05-11 10:17;7;7;8;225;SO;
2;1652257178;2022-05-11 10:19;8;7;8;225;SO;
2;1652257290;2022-05-11 10:21;7;7;7;225;SO;
2;1652257404;2022-05-11 10:23;8;7;8;225;SO;
2;1652257520;2022-05-11 10:25;7;7;8;225;SO;
2;1652257674;2022-05-11 10:27;4;3;5;225;SO;
2;1652257789;2022-05-11 10:29;5;4;5;225;SO;
2;1652257904;2022-05-11 10:31;4;4;5;225;SO;
2;1652258016;2022-05-11 10:33;4;4;5;225;SO;
2;1652258146;2022-05-11 10:35;5;4;5;225;SO;
2;1652258259;2022-05-11 10:37;4;4;5;225;SO;
2;1652258373;2022-05-11 10:39;7;4;7;225;SO;
2;1652258487;2022-05-11 10:41;5;4;5;225;SO;
2;1652258600;2022-05-11 10:43;5;4;5;225;SO;
2;1652258715;2022-05-11 10:45;5;5;5;225;SO;
2;1652258880;2022-05-11 10:48;5;4;7;225;SO;
2;1652258995;2022-05-11 10:49;5;4;5;225;SO;
2;1652259108;2022-05-11 10:51;5;4;5;225;SO;
2;1652259224;2022-05-11 10:53;5;4;7;225;SO;
2;1652259344;2022-05-11 10:55;5;4;7;225;SO;
2;1652259461;2022-05-11 10:57;5;4;5;225;SO;
2;1652259576;2022-05-11 10:59;4;4;5;225;SO;
2;1652259691;2022-05-11 11:01;5;5;7;225;SO;
2;1652259805;2022-05-11 11:03;4;4;5;225;SO;
2;1652259916;2022-05-11 11:05;5;4;7;225;SO;
2;1652260082;2022-05-11 11:08;5;4;7;225;SO;
2;1652260198;2022-05-11 11:09;7;5;7;225;SO;
2;1652260312;2022-05-11 11:11;5;5;7;225;SO;
2;1652260426;2022-05-11 11:13;5;5;7;225;SO;
2;1652260542;2022-05-11 11:15;5;4;5;225;SO;
2;1652260655;2022-05-11 11:17;5;5;7;225;SO;
2;1652260768;2022-05-11 11:19;5;5;7;225;SO;
2;1652260884;2022-05-11 11:21;5;5;7;225;SO;
2;1652261027;2022-05-11 11:23;7;5;8;225;SO;
2;1652261142;2022-05-11 11:25;7;5;7;225;SO;
2;1652261256;2022-05-11 11:27;5;5;7;225;SO;
2;1652261371;2022-05-11 11:29;5;5;7;225;SO;
2;1652261487;2022-05-11 11:31;5;5;7;225;SO;
2;1652261601;2022-05-11 11:33;7;5;7;225;SO;
2;1652261717;2022-05-11 11:35;7;7;8;225;SO;
2;1652261883;2022-05-11 11:38;8;7;8;225;SO;
2;1652261997;2022-05-11 11:39;7;7;8;225;SO;
2;1652262127;2022-05-11 11:42;8;5;8;225;SO;
2;1652262244;2022-05-11 11:44;8;8;8;225;SO;
2;1652262357;2022-05-11 11:45;8;8;9;225;SO;
2;1652262476;2022-05-11 11:47;8;8;8;225;SO;
2;1652262590;2022-05-11 11:49;8;7;8;225;SO;
2;1652262703;2022-05-11 11:51;8;8;9;225;SO;
2;1652262817;2022-05-11 11:53;7;7;8;225;SO;
2;1652262931;2022-05-11 11:55;8;7;8;225;SO;
2;1652263046;2022-05-11 11:57;7;5;8;225;SO;
2;1652263161;2022-05-11 11:59;7;7;8;225;SO;
2;1652263274;2022-05-11 12:01;7;5;8;225;SO;
2;1652263437;2022-05-11 12:03;7;7;8;225;SO;
2;1652263554;2022-05-11 12:05;7;5;7;225;SO;
2;1652263667;2022-05-11 12:07;7;5;7;225;SO;
2;1652263782;2022-05-11 12:09;7;7;8;225;SO;
2;1652263895;2022-05-11 12:11;7;7;7;225;SO;
2;1652264008;2022-05-11 12:13;7;7;8;225;SO;
2;1652264122;2022-05-11 12:15;7;7;8;225;SO;
2;1652264236;2022-05-11 12:17;7;5;7;225;SO;
2;1652264399;2022-05-11 12:19;7;5;8;225;SO;
2;1652264515;2022-05-11 12:21;7;7;7;225;SO;
2;1652264627;2022-05-11 12:23;7;5;7;225;SO;
2;1652264740;2022-05-11 12:25;7;5;7;225;SO;
2;1652264858;2022-05-11 12:27;5;4;8;225;SO;
2;1652264971;2022-05-11 12:29;7;5;7;225;SO;
2;1652265087;2022-05-11 12:31;7;7;8;225;SO;
2;1652265202;2022-05-11 12:33;7;5;8;225;SO;
2;1652265316;2022-05-11 12:35;7;7;8;225;SO;
2;1652265482;2022-05-11 12:38;8;7;8;225;SO;
2;1652265595;2022-05-11 12:39;8;7;8;225;SO;
2;1652265708;2022-05-11 12:41;8;8;9;225;SO;
2;1652265824;2022-05-11 12:43;9;8;9;225;SO;
2;1652265936;2022-05-11 12:45;9;8;10;225;SO;
2;1652266049;2022-05-11 12:47;9;8;9;225;SO;
2;1652266165;2022-05-11 12:49;9;8;10;225;SO;
2;1652266281;2022-05-11 12:51;9;9;10;225;SO;
2;1652266397;2022-05-11 12:53;9;9;10;225;SO;
2;1652266559;2022-05-11 12:55;9;9;10;225;SO;
2;1652266673;2022-05-11 12:57;8;8;9;225;SO;
2;1652266789;2022-05-11 12:59;8;7;9;225;SO;
2;1652266902;2022-05-11 13:01;9;8;9;225;SO;
2;1652267015;2022-05-11 13:03;8;8;9;225;SO;
2;1652267130;2022-05-11 13:05;8;8;9;225;SO;
2;1652267244;2022-05-11 13:07;8;7;9;225;SO;
2;1652267357;2022-05-11 13:09;8;8;9;225;SO;
2;1652267522;2022-05-11 13:12;8;7;9;225;SO;
2;1652267636;2022-05-11 13:13;8;7;8;225;SO;
2;1652267750;2022-05-11 13:15;8;8;9;225;SO;
2;1652267866;2022-05-11 13:17;9;8;9;225;SO;
2;1652267991;2022-05-11 13:19;9;8;9;225;SO;
2;1652268106;2022-05-11 13:21;8;8;9;225;SO;
2;1652268220;2022-05-11 13:23;9;8;10;225;SO;
2;1652268333;2022-05-11 13:25;8;8;9;225;SO;
2;1652268452;2022-05-11 13:27;9;8;10;225;SO;
2;1652268566;2022-05-11 13:29;9;8;9;225;SO;
2;1652268681;2022-05-11 13:31;10;9;10;225;SO;
2;1652268796;2022-05-11 13:33;10;8;10;225;SO;
2;1652268959;2022-05-11 13:35;9;8;9;225;SO;
2;1652269074;2022-05-11 13:37;9;9;10;225;SO;
2;1652269191;2022-05-11 13:39;9;8;9;225;SO;
2;1652269304;2022-05-11 13:41;9;8;10;225;SO;
2;1652269418;2022-05-11 13:43;9;8;9;225;SO;
2;1652269533;2022-05-11 13:45;9;9;10;225;SO;
2;1652269648;2022-05-11 13:47;9;8;9;225;SO;
2;1652269763;2022-05-11 13:49;9;8;9;225;SO;
2;1652269878;2022-05-11 13:51;9;8;10;225;SO;
2;1652270042;2022-05-11 13:54;8;7;9;225;SO;
2;1652270157;2022-05-11 13:55;9;8;9;225;SO;
2;1652270281;2022-05-11 13:58;8;8;8;225;SO;
2;1652270395;2022-05-11 13:59;8;7;9;225;SO;
2;1652270534;2022-05-11 14:02;8;8;9;225;SO;
2;1652270650;2022-05-11 14:04;8;7;9;225;SO;
2;1652270764;2022-05-11 14:06;8;7;9;225;SO;
2;1652270879;2022-05-11 14:07;9;8;9;225;SO;
2;1652270991;2022-05-11 14:09;8;8;10;225;SO;
2;1652271106;2022-05-11 14:11;8;7;9;225;SO;
2;1652271219;2022-05-11 14:13;8;7;9;225;SO;
2;1652271331;2022-05-11 14:15;8;7;9;225;SO;
2;1652271448;2022-05-11 14:17;8;8;9;225;SO;
2;1652271562;2022-05-11 14:19;8;7;8;225;SO;
2;1652271677;2022-05-11 14:21;8;8;8;225;SO;
2;1652271842;2022-05-11 14:24;7;5;8;225;SO;
2;1652271956;2022-05-11 14:25;7;5;8;225;SO;
2;1652272072;2022-05-11 14:27;7;7;7;225;SO;
2;1652272187;2022-05-11 14:29;8;7;8;225;SO;
2;1652272315;2022-05-11 14:31;7;7;8;225;SO;
2;1652272431;2022-05-11 14:33;8;8;9;225;SO;
2;1652272545;2022-05-11 14:35;8;7;9;225;SO;
2;1652272659;2022-05-11 14:37;8;7;8;225;SO;
2;1652272774;2022-05-11 14:39;8;7;8;225;SO;
2;1652272889;2022-05-11 14:41;8;5;8;225;SO;
2;1652273007;2022-05-11 14:43;8;7;8;225;SO;
2;1652273122;2022-05-11 14:45;8;7;9;225;SO;
2;1652273235;2022-05-11 14:47;8;8;8;225;SO;
2;1652273401;2022-05-11 14:50;8;7;9;225;SO;
2;1652273516;2022-05-11 14:51;8;7;9;225;SO;
2;1652273629;2022-05-11 14:53;8;7;9;225;SO;
2;1652273746;2022-05-11 14:55;8;8;9;225;SO;
2;1652273860;2022-05-11 14:57;8;7;9;225;SO;
2;1652273973;2022-05-11 14:59;8;8;9;225;SO;
2;1652274088;2022-05-11 15:01;9;8;9;225;SO;
2;1652274201;2022-05-11 15:03;9;9;10;225;SO;
2;1652274316;2022-05-11 15:05;8;8;9;225;SO;
2;1652274482;2022-05-11 15:08;9;8;9;225;SO;
2;1652274596;2022-05-11 15:09;9;9;10;225;SO;
2;1652274711;2022-05-11 15:11;10;9;10;225;SO;
2;1652274822;2022-05-11 15:13;9;9;10;225;SO;
2;1652274942;2022-05-11 15:15;9;8;10;225;SO;
2;1652275057;2022-05-11 15:17;9;8;10;225;SO;
2;1652275169;2022-05-11 15:19;9;8;9;225;SO;
2;1652275281;2022-05-11 15:21;9;8;10;225;SO;
2;1652275396;2022-05-11 15:23;9;9;10;225;SO;
2;1652275559;2022-05-11 15:25;10;9;10;225;SO;
2;1652275673;2022-05-11 15:27;10;9;10;225;SO;
2;1652275803;2022-05-11 15:30;9;9;10;225;SO;
2;1652275915;2022-05-11 15:31;10;9;10;225;SO;
2;1652276031;2022-05-11 15:33;10;9;12;225;SO;
2;1652276145;2022-05-11 15:35;10;9;12;225;SO;
2;1652276257;2022-05-11 15:37;10;10;10;225;SO;
2;1652276372;2022-05-11 15:39;10;9;12;225;SO;
2;1652276485;2022-05-11 15:41;10;9;12;225;SO;
2;1652276599;2022-05-11 15:43;10;10;12;225;SO;
2;1652276755;2022-05-11 15:45;10;9;12;225;SO;
2;1652276869;2022-05-11 15:47;10;8;12;225;SO;
2;1652276983;2022-05-11 15:49;12;10;12;225;SO;
2;1652277100;2022-05-11 15:51;9;9;10;225;SO;
2;1652277212;2022-05-11 15:53;12;10;12;225;SO;
2;1652277326;2022-05-11 15:55;12;10;13;225;SO;
2;1652277443;2022-05-11 15:57;10;9;10;225;SO;
2;1652277557;2022-05-11 15:59;10;10;12;225;SO;
2;1652277725;2022-05-11 16:02;9;8;10;225;SO;
2;1652277845;2022-05-11 16:04;10;9;12;225;SO;
2;1652277960;2022-05-11 16:06;9;9;10;225;SO;
2;1652278076;2022-05-11 16:07;9;7;10;225;SO;
2;1652278189;2022-05-11 16:09;9;8;10;225;SO;
2;1652278302;2022-05-11 16:11;10;9;10;225;SO;
2;1652278419;2022-05-11 16:13;10;8;12;225;SO;
2;1652278532;2022-05-11 16:15;9;8;10;225;SO;
2;1652278645;2022-05-11 16:17;10;9;10;225;SO;
2;1652278761;2022-05-11 16:19;10;9;12;225;SO;
2;1652278875;2022-05-11 16:21;9;8;10;225;SO;
2;1652279042;2022-05-11 16:24;10;9;12;225;SO;
2;1652279156;2022-05-11 16:25;10;9;12;225;SO;
2;1652279270;2022-05-11 16:27;10;9;12;225;SO;
2;1652279385;2022-05-11 16:29;10;9;13;225;SO;
2;1652279499;2022-05-11 16:31;10;9;10;225;SO;
2;1652279613;2022-05-11 16:33;12;10;12;225;SO;
2;1652279730;2022-05-11 16:35;10;10;12;225;SO;
2;1652279844;2022-05-11 16:37;12;10;12;225;SO;
2;1652279958;2022-05-11 16:39;10;9;12;225;SO;
2;1652280124;2022-05-11 16:42;10;9;12;225;SO;
2;1652280249;2022-05-11 16:44;9;8;10;225;SO;
2;1652280365;2022-05-11 16:46;10;9;12;225;SO;
2;1652280479;2022-05-11 16:47;12;12;13;225;SO;
2;1652280593;2022-05-11 16:49;12;10;13;225;SO;
2;1652280708;2022-05-11 16:51;12;10;13;225;SO;
2;1652280823;2022-05-11 16:53;10;10;12;225;SO;
2;1652280936;2022-05-11 16:55;12;10;12;225;SO;
2;1652281053;2022-05-11 16:57;12;10;13;225;SO;
2;1652281167;2022-05-11 16:59;12;10;13;225;SO;
2;1652281280;2022-05-11 17:01;12;10;13;225;SO;
2;1652281395;2022-05-11 17:03;12;12;13;225;SO;
2;1652281558;2022-05-11 17:05;12;12;13;225;SO;
2;1652281673;2022-05-11 17:07;12;9;13;225;SO;
2;1652281786;2022-05-11 17:09;12;10;13;225;SO;
2;1652281899;2022-05-11 17:11;13;12;14;225;SO;
2;1652282014;2022-05-11 17:13;13;12;14;225;SO;
2;1652282130;2022-05-11 17:15;13;10;14;225;SO;
2;1652282243;2022-05-11 17:17;13;12;14;225;SO;
2;1652282359;2022-05-11 17:19;12;12;13;225;SO;
2;1652282513;2022-05-11 17:21;12;12;13;225;SO;
2;1652282626;2022-05-11 17:23;12;10;13;225;SO;
2;1652282750;2022-05-11 17:25;1;1;3;225;SO;
2;1652282865;2022-05-11 17:27;12;10;13;225;SO;
2;1652282980;2022-05-11 17:29;13;12;14;225;SO;
2;1652283095;2022-05-11 17:31;13;12;14;225;SO;
2;1652283208;2022-05-11 17:33;13;13;14;225;SO;
2;1652283320;2022-05-11 17:35;12;10;12;225;SO;
2;1652283435;2022-05-11 17:37;12;10;13;225;SO;
2;1652283598;2022-05-11 17:39;12;10;13;225;SO;
2;1652283712;2022-05-11 17:41;12;10;13;225;SO;
2;1652283834;2022-05-11 17:43;12;12;14;225;SO;
2;1652283948;2022-05-11 17:45;12;9;13;225;SO;
2;1652284063;2022-05-11 17:47;13;10;13;225;SO;
2;1652284176;2022-05-11 17:49;12;10;13;225;SO;
2;1652284289;2022-05-11 17:51;13;12;13;225;SO;
2;1652284404;2022-05-11 17:53;12;12;14;225;SO;
2;1652284518;2022-05-11 17:55;12;10;14;225;SO;
2;1652284696;2022-05-11 17:58;12;10;14;225;SO;
2;1652284813;2022-05-11 18:00;13;10;13;225;SO;
2;1652284930;2022-05-11 18:02;13;12;14;225;SO;
2;1652285043;2022-05-11 18:04;13;13;14;225;SO;
2;1652285158;2022-05-11 18:05;13;12;14;225;SO;
2;1652285271;2022-05-11 18:07;12;10;13;225;SO;
2;1652285386;2022-05-11 18:09;13;12;13;225;SO;
2;1652285501;2022-05-11 18:11;12;10;12;225;SO;
2;1652285615;2022-05-11 18:13;12;10;13;225;SO;
2;1652285729;2022-05-11 18:15;10;9;12;225;SO;
2;1652285842;2022-05-11 18:17;12;10;13;225;SO;
2;1652285955;2022-05-11 18:19;12;10;13;225;SO;
2;1652286123;2022-05-11 18:22;12;9;13;225;SO;
2;1652286238;2022-05-11 18:23;12;10;13;225;SO;
2;1652286350;2022-05-11 18:25;13;12;13;225;SO;
2;1652286464;2022-05-11 18:27;12;10;13;225;SO;
2;1652286578;2022-05-11 18:29;12;12;13;225;SO;
2;1652286691;2022-05-11 18:31;13;12;14;225;SO;
2;1652286807;2022-05-11 18:33;13;12;13;225;SO;
2;1652286919;2022-05-11 18:35;13;12;14;225;SO;
2;1652287084;2022-05-11 18:38;13;10;14;225;SO;
2;1652287198;2022-05-11 18:39;13;12;14;225;SO;
2;1652287313;2022-05-11 18:41;13;12;13;225;SO;
2;1652287427;2022-05-11 18:43;13;12;14;225;SO;
2;1652287540;2022-05-11 18:45;13;12;14;225;SO;
2;1652287655;2022-05-11 18:47;13;12;14;225;SO;
2;1652287769;2022-05-11 18:49;13;12;14;225;SO;
2;1652287882;2022-05-11 18:51;13;13;16;225;SO;
2;1652287996;2022-05-11 18:53;13;13;14;225;SO;
2;1652288162;2022-05-11 18:56;13;12;14;225;SO;
2;1652288275;2022-05-11 18:57;12;12;13;225;SO;
2;1652288391;2022-05-11 18:59;13;12;13;225;SO;
2;1652288520;2022-05-11 19:02;13;12;14;225;SO;
2;1652288633;2022-05-11 19:03;13;13;13;225;SO;
2;1652288747;2022-05-11 19:05;13;12;14;225;SO;
2;1652288859;2022-05-11 19:07;13;12;14;225;SO;
2;1652288972;2022-05-11 19:09;13;13;14;225;SO;
2;1652289088;2022-05-11 19:11;13;13;14;225;SO;
2;1652289201;2022-05-11 19:13;14;13;14;225;SO;
2;1652289315;2022-05-11 19:15;12;10;13;225;SO;
2;1652289479;2022-05-11 19:17;13;12;14;225;SO;
2;1652289592;2022-05-11 19:19;12;12;13;225;SO;
2;1652289706;2022-05-11 19:21;13;12;14;225;SO;
2;1652289819;2022-05-11 19:23;12;10;13;225;SO;
2;1652289931;2022-05-11 19:25;12;12;13;225;SO;
2;1652290045;2022-05-11 19:27;13;12;13;225;SO;
2;1652290160;2022-05-11 19:29;12;12;13;225;SO;
2;1652290274;2022-05-11 19:31;13;12;14;225;SO;
2;1652290438;2022-05-11 19:33;13;12;14;225;SO;
2;1652290551;2022-05-11 19:35;14;13;14;225;SO;
2;1652290666;2022-05-11 19:37;13;12;16;225;SO;
2;1652290783;2022-05-11 19:39;14;14;16;225;SO;
2;1652290896;2022-05-11 19:41;14;13;16;225;SO;
2;1652291012;2022-05-11 19:43;13;12;14;225;SO;
2;1652291127;2022-05-11 19:45;14;13;14;225;SO;
2;1652291239;2022-05-11 19:47;14;13;16;225;SO;
2;1652291405;2022-05-11 19:50;14;13;16;225;SO;
2;1652291528;2022-05-11 19:52;14;14;16;225;SO;
2;1652291642;2022-05-11 19:54;13;12;16;225;SO;
2;1652291763;2022-05-11 19:56;14;12;16;225;SO;
2;1652292031;2022-05-11 20:00;14;14;16;225;SO;
2;1652292238;2022-05-11 20:03;14;12;16;225;SO;
2;1652292350;2022-05-11 20:05;14;13;16;225;SO;
2;1652292465;2022-05-11 20:07;16;14;17;225;SO;
2;1652292578;2022-05-11 20:09;14;13;16;225;SO;
2;1652292691;2022-05-11 20:11;14;13;16;225;SO;
2;1652292806;2022-05-11 20:13;14;14;16;225;SO;
2;1652292921;2022-05-11 20:15;14;12;16;225;SO;
2;1652293034;2022-05-11 20:17;14;13;14;225;SO;
2;1652293199;2022-05-11 20:19;14;13;16;225;SO;
2;1652293313;2022-05-11 20:21;14;13;16;225;SO;
2;1652293426;2022-05-11 20:23;14;13;16;225;SO;
2;1652293542;2022-05-11 20:25;13;12;14;225;SO;
2;1652293657;2022-05-11 20:27;13;13;14;225;SO;
2;1652293770;2022-05-11 20:29;13;12;14;225;SO;
2;1652293887;2022-05-11 20:31;13;13;13;225;SO;
2;1652294014;2022-05-11 20:33;13;13;14;225;SO;
2;1652294131;2022-05-11 20:35;13;13;14;225;SO;
2;1652294245;2022-05-11 20:37;13;12;14;225;SO;
2;1652294359;2022-05-11 20:39;13;12;13;225;SO;
2;1652294523;2022-05-11 20:42;13;13;14;225;SO;
2;1652294636;2022-05-11 20:43;12;12;13;225;SO;
2;1652294750;2022-05-11 20:45;12;10;13;225;SO;
2;1652294865;2022-05-11 20:47;12;10;13;225;SO;
2;1652294980;2022-05-11 20:49;12;10;12;225;SO;
2;1652295095;2022-05-11 20:51;12;12;13;225;SO;
2;1652295210;2022-05-11 20:53;12;12;13;225;SO;
2;1652295324;2022-05-11 20:55;12;12;13;225;SO;
2;1652295441;2022-05-11 20:57;12;12;13;225;SO;
2;1652295556;2022-05-11 20:59;12;10;13;225;SO;
2;1652295719;2022-05-11 21:01;12;10;13;225;SO;
2;1652295833;2022-05-11 21:03;12;10;12;225;SO;
2;1652295946;2022-05-11 21:05;12;10;13;225;SO;
2;1652296058;2022-05-11 21:07;12;10;13;225;SO;
2;1652296173;2022-05-11 21:09;10;10;12;225;SO;
2;1652296286;2022-05-11 21:11;12;10;13;225;SO;
2;1652296400;2022-05-11 21:13;12;10;12;225;SO;
2;1652296556;2022-05-11 21:15;10;9;13;225;SO;
2;1652296668;2022-05-11 21:17;12;10;13;225;SO;
2;1652296783;2022-05-11 21:19;12;10;12;225;SO;
2;1652296896;2022-05-11 21:21;10;10;12;225;SO;
2;1652297009;2022-05-11 21:23;10;10;12;225;SO;
2;1652297123;2022-05-11 21:25;12;10;12;225;SO;
2;1652297238;2022-05-11 21:27;10;9;12;225;SO;
2;1652297404;2022-05-11 21:30;10;8;12;225;SO;
2;1652297519;2022-05-11 21:31;10;9;10;225;SO;
2;1652297633;2022-05-11 21:33;10;10;12;225;SO;
2;1652297745;2022-05-11 21:35;10;9;12;225;SO;
2;1652297862;2022-05-11 21:37;10;9;12;225;SO;
2;1652297975;2022-05-11 21:39;10;10;12;225;SO;
2;1652298093;2022-05-11 21:41;12;10;12;225;SO;
2;1652298206;2022-05-11 21:43;10;10;12;225;SO;
2;1652298320;2022-05-11 21:45;10;9;12;225;SO;
2;1652298436;2022-05-11 21:47;10;9;10;225;SO;
2;1652298601;2022-05-11 21:50;10;9;12;225;SO;
2;1652298714;2022-05-11 21:51;10;9;10;225;SO;
2;1652298830;2022-05-11 21:53;10;9;10;225;SO;
2;1652298943;2022-05-11 21:55;10;9;10;225;SO;
2;1652299057;2022-05-11 21:57;10;10;12;225;SO;
2;1652299175;2022-05-11 21:59;12;10;12;225;SO;
2;1652299289;2022-05-11 22:01;10;10;12;225;SO;
2;1652299405;2022-05-11 22:03;12;10;13;225;SO;
2;1652299517;2022-05-11 22:05;12;10;13;225;SO;
2;1652299681;2022-05-11 22:08;10;9;12;225;SO;
2;1652299795;2022-05-11 22:09;10;10;12;225;SO;
2;1652299923;2022-05-11 22:12;10;10;13;225;SO;
2;1652300052;2022-05-11 22:14;10;10;12;225;SO;
2;1652300168;2022-05-11 22:16;12;10;13;225;SO;
2;1652300283;2022-05-11 22:18;12;10;13;225;SO;
2;1652300395;2022-05-11 22:19;10;10;13;225;SO;
2;1652300509;2022-05-11 22:21;12;10;12;225;SO;
2;1652300622;2022-05-11 22:23;10;10;12;225;SO;
2;1652300738;2022-05-11 22:25;13;12;13;225;SO;
2;1652300850;2022-05-11 22:27;12;12;12;225;SO;
2;1652300964;2022-05-11 22:29;12;10;13;225;SO;
2;1652301078;2022-05-11 22:31;13;12;13;225;SO;
2;1652301244;2022-05-11 22:34;13;12;13;225;SO;
2;1652301359;2022-05-11 22:35;13;12;13;225;SO;
2;1652301472;2022-05-11 22:37;13;12;13;225;SO;
2;1652301585;2022-05-11 22:39;12;12;13;225;SO;
2;1652301699;2022-05-11 22:41;13;13;13;225;SO;
2;1652301814;2022-05-11 22:43;12;10;13;225;SO;
2;1652301927;2022-05-11 22:45;13;12;14;225;SO;
2;1652302052;2022-05-11 22:47;13;12;13;225;SO;
2;1652302169;2022-05-11 22:49;12;10;13;225;SO;
2;1652302282;2022-05-11 22:51;13;12;13;225;SO;
2;1652302398;2022-05-11 22:53;13;12;14;225;SO;
2;1652302563;2022-05-11 22:56;12;10;13;225;SO;
2;1652302677;2022-05-11 22:57;13;12;14;225;SO;
2;1652302792;2022-05-11 22:59;12;12;13;225;SO;
2;1652302906;2022-05-11 23:01;12;10;12;225;SO;
2;1652303018;2022-05-11 23:03;13;12;13;225;SO;
2;1652303136;2022-05-11 23:05;12;10;12;225;SO;
2;1652303249;2022-05-11 23:07;12;10;13;225;SO;
2;1652303363;2022-05-11 23:09;12;10;13;225;SO;
2;1652303477;2022-05-11 23:11;12;12;12;225;SO;
2;1652303641;2022-05-11 23:14;12;10;13;225;SO;
2;1652303755;2022-05-11 23:15;12;9;13;225;SO;
2;1652303868;2022-05-11 23:17;12;10;13;225;SO;
2;1652304139;2022-05-11 23:22;12;10;13;225;SO;
2;1652304253;2022-05-11 23:24;12;10;13;225;SO;
2;1652304367;2022-05-11 23:26;12;10;13;225;SO;
2;1652304481;2022-05-11 23:28;12;12;13;225;SO;
2;1652304595;2022-05-11 23:29;12;10;13;225;SO;
2;1652304708;2022-05-11 23:31;12;10;12;225;SO;
2;1652304823;2022-05-11 23:33;12;12;13;225;SO;
2;1652304936;2022-05-11 23:35;12;10;13;225;SO;
2;1652305051;2022-05-11 23:37;12;10;13;225;SO;
2;1652305165;2022-05-11 23:39;10;9;12;225;SO;
2;1652305278;2022-05-11 23:41;10;9;12;225;SO;
2;1652305443;2022-05-11 23:44;10;9;12;225;SO;
2;1652305557;2022-05-11 23:45;10;10;12;225;SO;
2;1652305671;2022-05-11 23:47;10;10;12;225;SO;
2;1652305787;2022-05-11 23:49;12;10;12;225;SO;
2;1652305901;2022-05-11 23:51;12;10;12;225;SO;
2;1652306013;2022-05-11 23:53;12;10;12;225;SO;
2;1652306130;2022-05-11 23:55;10;9;12;225;SO;
2;1652306244;2022-05-11 23:57;12;10;12;225;SO;
2;1652306359;2022-05-11 23:59;10;10;12;225;SO;
2;1652306523;2022-05-12 00:02;10;9;12;225;SO;
2;1652306635;2022-05-12 00:03;12;10;12;225;SO;
2;1652306750;2022-05-12 00:05;12;10;13;225;SO;
2;1652306863;2022-05-12 00:07;10;10;12;225;SO;
2;1652306978;2022-05-12 00:09;10;9;10;225;SO;
2;1652307092;2022-05-12 00:11;10;9;12;225;SO;
2;1652307205;2022-05-12 00:13;10;10;12;225;SO;
2;1652307319;2022-05-12 00:15;10;9;12;225;SO;
2;1652307487;2022-05-12 00:18;10;10;12;225;SO;
2;1652307603;2022-05-12 00:20;12;9;12;225;SO;
2;1652307718;2022-05-12 00:21;10;9;12;225;SO;
2;1652307831;2022-05-12 00:23;12;9;12;225;SO;
2;1652307946;2022-05-12 00:25;12;10;12;225;SO;
2;1652308060;2022-05-12 00:27;12;10;12;225;SO;
2;1652308189;2022-05-12 00:29;12;10;12;225;SO;
2;1652308303;2022-05-12 00:31;10;9;12;225;SO;
2;1652308419;2022-05-12 00:33;10;9;12;225;SO;
2;1652308532;2022-05-12 00:35;10;10;12;225;SO;
2;1652308644;2022-05-12 00:37;10;9;12;225;SO;
2;1652308759;2022-05-12 00:39;10;10;12;225;SO;
2;1652308913;2022-05-12 00:41;12;10;13;225;SO;
2;1652309027;2022-05-12 00:43;10;10;12;225;SO;
2;1652309144;2022-05-12 00:45;10;9;10;225;SO;
2;1652309256;2022-05-12 00:47;10;10;12;225;SO;
2;1652309371;2022-05-12 00:49;10;10;12;225;SO;
2;1652309489;2022-05-12 00:51;10;9;12;225;SO;
2;1652309604;2022-05-12 00:53;10;10;12;225;SO;
2;1652309721;2022-05-12 00:55;10;9;12;225;SO;
2;1652309875;2022-05-12 00:57;10;9;12;225;SO;
2;1652309990;2022-05-12 00:59;10;9;12;225;SO;
2;1652310107;2022-05-12 01:01;10;10;12;225;SO;
2;1652310219;2022-05-12 01:03;10;9;12;225;SO;
2;1652310333;2022-05-12 01:05;10;10;10;225;SO;
2;1652310449;2022-05-12 01:07;10;9;12;225;SO;
2;1652310562;2022-05-12 01:09;10;10;12;225;SO;
2;1652310677;2022-05-12 01:11;10;9;12;225;SO;
2;1652310840;2022-05-12 01:14;10;9;12;225;SO;
2;1652310953;2022-05-12 01:15;10;9;10;225;SO;
2;1652311073;2022-05-12 01:17;9;9;10;225;SO;
2;1652311185;2022-05-12 01:19;9;8;10;225;SO;
2;1652311456;2022-05-12 01:24;9;8;9;225;SO;
2;1652311574;2022-05-12 01:26;9;9;10;225;SO;
2;1652311687;2022-05-12 01:28;9;8;9;225;SO;
2;1652311802;2022-05-12 01:30;9;9;10;225;SO;
2;1652311916;2022-05-12 01:31;8;8;9;225;SO;
2;1652312031;2022-05-12 01:33;9;8;9;225;SO;
2;1652312145;2022-05-12 01:35;9;8;9;225;SO;
2;1652312259;2022-05-12 01:37;9;9;10;225;SO;
2;1652312375;2022-05-12 01:39;9;9;10;225;SO;
2;1652312488;2022-05-12 01:41;9;9;9;225;SO;
2;1652312601;2022-05-12 01:43;9;8;9;225;SO;
2;1652312717;2022-05-12 01:45;9;8;9;225;SO;
2;1652312881;2022-05-12 01:48;9;8;10;225;SO;
2;1652312994;2022-05-12 01:49;9;8;9;225;SO;
2;1652313109;2022-05-12 01:51;9;9;10;225;SO;
2;1652313224;2022-05-12 01:53;9;8;10;225;SO;
2;1652313339;2022-05-12 01:55;9;8;10;225;SO;
2;1652313453;2022-05-12 01:57;9;8;10;225;SO;
2;1652313567;2022-05-12 01:59;9;8;9;225;SO;
2;1652321050;2022-05-12 04:04;7;5;7;225;SO;
2;1652328377;2022-05-12 06:06;0;0;0;225;SO;
2;1652335704;2022-05-12 08:08;3;3;4;225;SO;
2;1652335918;2022-05-12 08:11;3;3;3;225;SO;
2;1652336030;2022-05-12 08:13;4;3;4;225;SO;
2;1652336147;2022-05-12 08:15;3;3;4;225;SO;
2;1652336260;2022-05-12 08:17;4;3;4;225;SO;
2;1652336375;2022-05-12 08:19;4;3;4;225;SO;
2;1652336488;2022-05-12 08:21;4;3;4;225;SO;
2;1652336602;2022-05-12 08:23;3;3;3;225;SO;
2;1652336739;2022-05-12 08:25;4;3;5;225;SO;
2;1652336853;2022-05-12 08:27;3;3;4;225;SO;
2;1652336966;2022-05-12 08:29;3;3;3;225;SO;
2;1652337081;2022-05-12 08:31;3;1;3;225;SO;
2;1652337194;2022-05-12 08:33;3;3;3;225;SO;
2;1652337359;2022-05-12 08:35;3;1;3;225;SO;
2;1652337474;2022-05-12 08:37;3;3;3;225;SO;
2;1652337588;2022-05-12 08:39;3;3;3;225;SO;
2;1652337702;2022-05-12 08:41;3;3;3;225;SO;
2;1652337818;2022-05-12 08:43;1;0;1;225;SO;
2;1652337933;2022-05-12 08:45;0;0;0;225;SO;
2;1652338049;2022-05-12 08:47;1;0;1;225;SO;
2;1652338163;2022-05-12 08:49;3;3;3;225;SO;
2;1652338279;2022-05-12 08:51;1;1;3;225;SO;
2;1652338436;2022-05-12 08:53;1;0;3;225;SO;
2;1652338550;2022-05-12 08:55;0;0;0;225;SO;
2;1652338664;2022-05-12 08:57;0;0;0;225;SO;
2;1652338782;2022-05-12 08:59;0;0;0;225;SO;
2;1652338896;2022-05-12 09:01;0;0;0;225;SO;
2;1652339009;2022-05-12 09:03;0;0;0;225;SO;
2;1652339126;2022-05-12 09:05;0;0;0;225;SO;
2;1652339239;2022-05-12 09:07;1;0;3;225;SO;
2;1652339403;2022-05-12 09:10;3;1;3;225;SO;
2;1652339517;2022-05-12 09:11;1;1;3;225;SO;
2;1652339632;2022-05-12 09:13;0;0;0;225;SO;
2;1652339748;2022-05-12 09:15;0;0;0;225;SO;
2;1652340018;2022-05-12 09:20;3;1;3;225;SO;
2;1652340133;2022-05-12 09:22;3;1;3;225;SO;
2;1652340246;2022-05-12 09:24;1;1;3;225;SO;
2;1652340363;2022-05-12 09:26;1;0;1;225;SO;
2;1652340478;2022-05-12 09:27;3;1;3;225;SO;
2;1652340591;2022-05-12 09:29;3;3;3;225;SO;
2;1652340706;2022-05-12 09:31;3;3;3;225;SO;
2;1652340819;2022-05-12 09:33;3;3;3;225;SO;
2;1652340932;2022-05-12 09:35;4;4;4;225;SO;
2;1652341049;2022-05-12 09:37;5;4;7;225;SO;
2;1652341162;2022-05-12 09:39;7;5;7;225;SO;
2;1652341276;2022-05-12 09:41;8;8;8;225;SO;
2;1652341441;2022-05-12 09:44;7;7;7;225;SO;
2;1652341556;2022-05-12 09:45;8;7;8;225;SO;
2;1652341668;2022-05-12 09:47;7;5;8;225;SO;
2;1652341783;2022-05-12 09:49;8;8;8;225;SO;
2;1652341897;2022-05-12 09:51;8;7;8;225;SO;
2;1652342013;2022-05-12 09:53;8;7;8;225;SO;
2;1652342126;2022-05-12 09:55;8;7;8;225;SO;
2;1652342240;2022-05-12 09:57;9;8;9;225;SO;
2;1652342357;2022-05-12 09:59;8;8;9;225;SO;
2;1652342521;2022-05-12 10:02;8;8;9;225;SO;
2;1652342635;2022-05-12 10:03;9;8;9;225;SO;
2;1652342751;2022-05-12 10:05;8;7;8;225;SO;
2;1652342865;2022-05-12 10:07;8;8;8;225;SO;
2;1652342979;2022-05-12 10:09;8;8;9;225;SO;
2;1652343094;2022-05-12 10:11;8;7;8;225;SO;
2;1652343210;2022-05-12 10:13;8;7;8;225;SO;
2;1652343326;2022-05-12 10:15;7;7;8;225;SO;
2;1652343440;2022-05-12 10:17;7;7;8;225;SO;
2;1652343553;2022-05-12 10:19;7;5;7;225;SO;
2;1652343720;2022-05-12 10:22;7;7;9;225;SO;
2;1652343833;2022-05-12 10:23;9;8;9;225;SO;
2;1652343947;2022-05-12 10:25;9;9;10;225;SO;
2;1652344062;2022-05-12 10:27;9;8;10;225;SO;
2;1652344176;2022-05-12 10:29;8;7;9;225;SO;
2;1652344294;2022-05-12 10:31;8;8;9;225;SO;
2;1652344565;2022-05-12 10:36;9;8;9;225;SO;
2;1652344679;2022-05-12 10:37;8;8;9;225;SO;
2;1652344795;2022-05-12 10:39;9;8;9;225;SO;
2;1652344910;2022-05-12 10:41;9;9;9;225;SO;
2;1652345026;2022-05-12 10:43;9;8;9;225;SO;
2;1652345140;2022-05-12 10:45;9;8;9;225;SO;
2;1652345253;2022-05-12 10:47;8;8;9;225;SO;
2;1652345368;2022-05-12 10:49;8;8;9;225;SO;
2;1652345483;2022-05-12 10:51;9;9;9;225;SO;
2;1652345596;2022-05-12 10:53;9;8;9;225;SO;
2;1652345762;2022-05-12 10:56;9;9;10;225;SO;
2;1652345876;2022-05-12 10:57;9;9;9;225;SO;
2;1652345991;2022-05-12 10:59;9;8;9;225;SO;
2;1652346108;2022-05-12 11:01;9;8;10;225;SO;
2;1652346221;2022-05-12 11:03;9;8;9;225;SO;
2;1652346349;2022-05-12 11:05;9;8;9;225;SO;
2;1652346463;2022-05-12 11:07;9;8;9;225;SO;
2;1652346575;2022-05-12 11:09;8;8;9;225;SO;
2;1652346690;2022-05-12 11:11;8;8;8;225;SO;
2;1652346807;2022-05-12 11:13;8;8;9;225;SO;
2;1652346920;2022-05-12 11:15;8;8;9;225;SO;
2;1652347035;2022-05-12 11:17;8;7;9;225;SO;
2;1652347198;2022-05-12 11:19;8;7;9;225;SO;
2;1652347310;2022-05-12 11:21;9;8;9;225;SO;
2;1652347425;2022-05-12 11:23;8;8;9;225;SO;
2;1652347539;2022-05-12 11:25;8;7;9;225;SO;
2;1652347654;2022-05-12 11:27;8;8;9;225;SO;
2;1652347767;2022-05-12 11:29;8;7;8;225;SO;
2;1652347882;2022-05-12 11:31;8;8;9;225;SO;
2;1652347997;2022-05-12 11:33;8;7;9;225;SO;
2;1652348168;2022-05-12 11:36;9;8;10;225;SO;
2;1652348281;2022-05-12 11:38;9;8;9;225;SO;
2;1652348397;2022-05-12 11:39;8;7;9;225;SO;
2;1652348511;2022-05-12 11:41;9;8;9;225;SO;
2;1652348625;2022-05-12 11:43;9;9;10;225;SO;
2;1652348740;2022-05-12 11:45;9;8;9;225;SO;
2;1652348854;2022-05-12 11:47;9;9;10;225;SO;
2;1652348969;2022-05-12 11:49;9;8;10;225;SO;
2;1652349242;2022-05-12 11:54;9;8;10;225;SO;
2;1652349359;2022-05-12 11:55;9;9;10;225;SO;
2;1652349474;2022-05-12 11:57;9;9;10;225;SO;
2;1652349588;2022-05-12 11:59;9;8;10;225;SO;
2;1652349704;2022-05-12 12:01;9;9;10;225;SO;
2;1652349818;2022-05-12 12:03;9;8;9;225;SO;
2;1652349929;2022-05-12 12:05;9;9;10;225;SO;
2;1652350045;2022-05-12 12:07;9;8;9;225;SO;
2;1652350158;2022-05-12 12:09;9;9;10;225;SO;
2;1652350321;2022-05-12 12:12;10;9;12;225;SO;
2;1652350437;2022-05-12 12:13;9;8;10;225;SO;
2;1652350554;2022-05-12 12:15;10;9;10;225;SO;
2;1652350671;2022-05-12 12:17;10;10;12;225;SO;
2;1652350784;2022-05-12 12:19;10;9;12;225;SO;
2;1652350913;2022-05-12 12:21;10;9;10;225;SO;
2;1652351027;2022-05-12 12:23;12;10;14;225;SO;
2;1652351140;2022-05-12 12:25;13;12;13;225;SO;
2;1652351253;2022-05-12 12:27;12;12;13;225;SO;
2;1652351370;2022-05-12 12:29;13;10;13;225;SO;
2;1652351486;2022-05-12 12:31;12;12;13;225;SO;
2;1652351600;2022-05-12 12:33;12;10;13;225;SO;
2;1652351767;2022-05-12 12:36;13;10;14;225;SO;
2;1652351880;2022-05-12 12:38;13;10;14;225;SO;
2;1652352002;2022-05-12 12:40;13;12;13;225;SO;
2;1652352116;2022-05-12 12:41;13;12;13;225;SO;
2;1652352229;2022-05-12 12:43;12;12;13;225;SO;
2;1652352345;2022-05-12 12:45;12;10;12;225;SO;
2;1652352458;2022-05-12 12:47;13;12;14;225;SO;
2;1652352571;2022-05-12 12:49;12;10;13;225;SO;
2;1652352690;2022-05-12 12:51;12;12;13;225;SO;
2;1652352805;2022-05-12 12:53;13;10;13;225;SO;
2;1652352919;2022-05-12 12:55;13;13;13;225;SO;
2;1652353075;2022-05-12 12:57;12;12;13;225;SO;
2;1652353189;2022-05-12 12:59;13;12;13;225;SO;
2;1652353318;2022-05-12 13:01;13;13;14;225;SO;
2;1652353430;2022-05-12 13:03;12;10;13;225;SO;
2;1652353543;2022-05-12 13:05;12;10;13;225;SO;
2;1652353657;2022-05-12 13:07;12;10;13;225;SO;
2;1652353786;2022-05-12 13:09;12;10;13;225;SO;
2;1652353899;2022-05-12 13:11;13;12;14;225;SO;
2;1652354327;2022-05-12 13:18;14;13;16;225;SO;
2;1652354523;2022-05-12 13:22;14;13;16;225;SO;
2;1652354637;2022-05-12 13:23;14;13;16;225;SO;
2;1652354750;2022-05-12 13:25;14;13;16;225;SO;
2;1652354863;2022-05-12 13:27;13;13;14;225;SO;
2;1652354977;2022-05-12 13:29;14;12;14;225;SO;
2;1652355092;2022-05-12 13:31;13;13;14;225;SO;
2;1652355205;2022-05-12 13:33;13;12;14;225;SO;
2;1652355321;2022-05-12 13:35;13;12;13;225;SO;
2;1652355437;2022-05-12 13:37;14;14;16;225;SO;
2;1652355760;2022-05-12 13:42;14;13;16;225;SO;
2;1652355957;2022-05-12 13:45;14;13;16;225;SO;
2;1652356072;2022-05-12 13:47;16;14;16;225;SO;
2;1652356185;2022-05-12 13:49;14;13;16;225;SO;
2;1652356302;2022-05-12 13:51;14;14;16;225;SO;
2;1652356414;2022-05-12 13:53;16;14;17;225;SO;
2;1652356529;2022-05-12 13:55;16;14;16;225;SO;
2;1652356644;2022-05-12 13:57;14;13;16;225;SO;
2;1652356759;2022-05-12 13:59;14;14;16;225;SO;
2;1652356930;2022-05-12 14:02;14;13;17;225;SO;
2;1652357043;2022-05-12 14:04;16;14;17;225;SO;
2;1652357156;2022-05-12 14:05;16;14;17;225;SO;
2;1652357286;2022-05-12 14:08;16;14;16;225;SO;
2;1652357400;2022-05-12 14:10;16;14;16;225;SO;
2;1652357514;2022-05-12 14:11;16;14;16;225;SO;
2;1652357629;2022-05-12 14:13;16;14;17;225;SO;
2;1652357758;2022-05-12 14:15;14;13;16;225;SO;
2;1652357876;2022-05-12 14:17;14;12;14;225;SO;
2;1652357989;2022-05-12 14:19;13;13;14;225;SO;
2;1652358101;2022-05-12 14:21;13;13;14;225;SO;
2;1652358218;2022-05-12 14:23;14;13;16;225;SO;
2;1652358331;2022-05-12 14:25;13;12;16;225;SO;
2;1652358601;2022-05-12 14:30;14;13;16;225;SO;
2;1652358714;2022-05-12 14:31;13;13;14;225;SO;
2;1652358828;2022-05-12 14:33;13;12;13;225;SO;
2;1652358942;2022-05-12 14:35;13;12;13;225;SO;
2;1652359056;2022-05-12 14:37;13;12;14;225;SO;
2;1652359326;2022-05-12 14:42;14;14;16;225;SO;
2;1652359439;2022-05-12 14:43;14;12;16;225;SO;
2;1652359555;2022-05-12 14:45;14;14;16;225;SO;
2;1652359671;2022-05-12 14:47;14;13;16;225;SO;
2;1652359786;2022-05-12 14:49;14;13;14;225;SO;
2;1652359901;2022-05-12 14:51;16;14;17;225;SO;
2;1652360015;2022-05-12 14:53;16;14;16;225;SO;
2;1652360130;2022-05-12 14:55;14;12;16;225;SO;
2;1652360246;2022-05-12 14:57;14;14;16;225;SO;
2;1652360360;2022-05-12 14:59;14;13;16;225;SO;
2;1652360515;2022-05-12 15:01;14;13;16;225;SO;
2;1652360634;2022-05-12 15:03;14;13;16;225;SO;
2;1652360746;2022-05-12 15:05;16;14;16;225;SO;
2;1652360861;2022-05-12 15:07;14;13;16;225;SO;
2;1652360974;2022-05-12 15:09;14;12;16;225;SO;
2;1652361087;2022-05-12 15:11;14;13;16;225;SO;
2;1652361201;2022-05-12 15:13;14;13;16;225;SO;
2;1652361317;2022-05-12 15:15;13;13;14;225;SO;
2;1652361482;2022-05-12 15:18;14;13;16;225;SO;
2;1652361595;2022-05-12 15:19;16;13;16;225;SO;
2;1652361707;2022-05-12 15:21;14;13;17;225;SO;
2;1652361820;2022-05-12 15:23;14;13;16;225;SO;
2;1652361937;2022-05-12 15:25;16;14;16;225;SO;
2;1652362053;2022-05-12 15:27;16;13;17;225;SO;
2;1652362168;2022-05-12 15:29;16;16;18;225;SO;
2;1652362289;2022-05-12 15:31;16;13;18;225;SO;
2;1652362402;2022-05-12 15:33;16;14;17;225;SO;
2;1652362517;2022-05-12 15:35;16;14;17;225;SO;
2;1652362684;2022-05-12 15:38;16;14;18;225;SO;
2;1652362797;2022-05-12 15:39;17;16;17;225;SO;
2;1652362913;2022-05-12 15:41;16;14;18;225;SO;
2;1652363026;2022-05-12 15:43;17;16;17;225;SO;
2;1652363141;2022-05-12 15:45;17;16;18;225;SO;
2;1652363259;2022-05-12 15:47;17;16;18;225;SO;
2;1652363373;2022-05-12 15:49;17;17;18;225;SO;
2;1652363489;2022-05-12 15:51;18;17;20;225;SO;
2;1652363604;2022-05-12 15:53;18;17;18;225;SO;
2;1652363717;2022-05-12 15:55;17;16;18;225;SO;
2;1652363885;2022-05-12 15:58;16;14;18;225;SO;
2;1652364000;2022-05-12 16:00;17;16;17;225;SO;
2;1652364133;2022-05-12 16:02;17;16;18;225;SO;
2;1652364247;2022-05-12 16:04;18;17;18;225;SO;
2;1652364361;2022-05-12 16:06;17;17;18;225;SO;
2;1652364473;2022-05-12 16:07;17;16;20;225;SO;
2;1652364590;2022-05-12 16:09;18;17;20;225;SO;
2;1652364703;2022-05-12 16:11;17;16;18;225;SO;
2;1652364818;2022-05-12 16:13;17;16;18;225;SO;
2;1652365088;2022-05-12 16:18;16;14;18;225;SO;
2;1652365205;2022-05-12 16:20;16;13;16;225;SO;
2;1652365317;2022-05-12 16:21;17;16;18;225;SO;
2;1652365431;2022-05-12 16:23;17;14;18;225;SO;
2;1652365548;2022-05-12 16:25;17;14;18;225;SO;
2;1652365663;2022-05-12 16:27;17;16;18;225;SO;
2;1652365777;2022-05-12 16:29;17;16;18;225;SO;
2;1652365891;2022-05-12 16:31;17;16;18;225;SO;
2;1652366007;2022-05-12 16:33;17;14;18;225;SO;
2;1652366122;2022-05-12 16:35;17;14;18;225;SO;
2;1652366248;2022-05-12 16:37;18;16;20;225;SO;
2;1652366363;2022-05-12 16:39;18;17;20;225;SO;
2;1652366478;2022-05-12 16:41;17;16;18;225;SO;
2;1652366645;2022-05-12 16:44;17;16;20;225;SO;
2;1652366758;2022-05-12 16:45;18;14;20;225;SO;
2;1652366872;2022-05-12 16:47;17;16;18;225;SO;
2;1652366987;2022-05-12 16:49;18;17;20;225;SO;
2;1652367100;2022-05-12 16:51;18;18;21;225;SO;
2;1652367215;2022-05-12 16:53;17;16;20;225;SO;
2;1652367343;2022-05-12 16:55;17;16;18;225;SO;
2;1652367615;2022-05-12 17:00;17;16;20;225;SO;
2;1652367728;2022-05-12 17:02;17;16;20;225;SO;
2;1652367845;2022-05-12 17:04;17;16;18;225;SO;
2;1652367957;2022-05-12 17:05;17;16;20;225;SO;
2;1652368069;2022-05-12 17:07;18;16;20;225;SO;
2;1652368184;2022-05-12 17:09;17;16;18;225;SO;
2;1652368297;2022-05-12 17:11;18;17;20;225;SO;
2;1652368412;2022-05-12 17:13;17;16;18;225;SO;
2;1652368527;2022-05-12 17:15;17;16;18;225;SO;
2;1652368639;2022-05-12 17:17;17;16;18;225;SO;
2;1652368792;2022-05-12 17:19;17;16;18;225;SO;
2;1652368912;2022-05-12 17:21;16;14;17;225;SO;
2;1652369025;2022-05-12 17:23;17;16;18;225;SO;
2;1652369140;2022-05-12 17:25;17;17;18;225;SO;
2;1652369253;2022-05-12 17:27;17;16;18;225;SO;
2;1652369382;2022-05-12 17:29;17;17;18;225;SO;
2;1652369513;2022-05-12 17:31;3;3;5;225;SO;
2;1652369630;2022-05-12 17:33;17;16;18;225;SO;
2;1652369744;2022-05-12 17:35;16;16;17;225;SO;
2;1652369862;2022-05-12 17:37;16;14;16;225;SO;
2;1652369980;2022-05-12 17:39;17;16;20;225;SO;
2;1652370097;2022-05-12 17:41;17;17;18;225;SO;
2;1652370213;2022-05-12 17:43;17;14;17;225;SO;
2;1652370326;2022-05-12 17:45;17;16;18;225;SO;
2;1652370441;2022-05-12 17:47;18;16;18;225;SO;
2;1652370560;2022-05-12 17:49;17;16;18;225;SO;
2;1652370727;2022-05-12 17:52;17;16;18;225;SO;
2;1652370840;2022-05-12 17:54;18;16;20;225;SO;
2;1652370957;2022-05-12 17:55;17;14;17;225;SO;
2;1652371071;2022-05-12 17:57;17;14;18;225;SO;
2;1652371186;2022-05-12 17:59;17;16;18;225;SO;
2;1652371302;2022-05-12 18:01;17;16;18;225;SO;
2;1652371415;2022-05-12 18:03;17;16;18;225;SO;
2;1652371530;2022-05-12 18:05;17;16;20;225;SO;
2;1652371642;2022-05-12 18:07;17;16;18;225;SO;
2;1652371756;2022-05-12 18:09;17;16;18;225;SO;
2;1652371924;2022-05-12 18:12;17;16;20;225;SO;
2;1652372037;2022-05-12 18:13;17;16;20;225;SO;
2;1652372149;2022-05-12 18:15;18;17;20;225;SO;
2;1652372263;2022-05-12 18:17;17;16;18;225;SO;
2;1652372380;2022-05-12 18:19;17;17;18;225;SO;
2;1652372492;2022-05-12 18:21;18;18;20;225;SO;
2;1652372607;2022-05-12 18:23;18;17;20;225;SO;
2;1652372720;2022-05-12 18:25;18;17;21;225;SO;
2;1652372835;2022-05-12 18:27;18;17;21;225;SO;
2;1652372998;2022-05-12 18:29;18;17;20;225;SO;
2;1652373111;2022-05-12 18:31;18;17;20;225;SO;
2;1652373226;2022-05-12 18:33;18;17;20;225;SO;
2;1652373339;2022-05-12 18:35;18;16;20;225;SO;
2;1652373453;2022-05-12 18:37;18;18;20;225;SO;
2;1652373570;2022-05-12 18:39;18;16;20;225;SO;
2;1652373683;2022-05-12 18:41;18;17;20;225;SO;
2;1652373799;2022-05-12 18:43;18;17;20;225;SO;
2;1652373964;2022-05-12 18:46;17;16;20;225;SO;
2;1652374079;2022-05-12 18:47;18;17;20;225;SO;
2;1652374196;2022-05-12 18:49;17;16;20;225;SO;
2;1652374310;2022-05-12 18:51;17;16;18;225;SO;
2;1652374582;2022-05-12 18:56;17;16;18;225;SO;
2;1652374798;2022-05-12 18:59;17;16;20;225;SO;
2;1652374913;2022-05-12 19:01;18;17;18;225;SO;
2;1652375026;2022-05-12 19:03;17;16;18;225;SO;
2;1652375139;2022-05-12 19:05;18;16;20;225;SO;
2;1652375253;2022-05-12 19:07;17;16;20;225;SO;
2;1652375526;2022-05-12 19:12;17;16;18;225;SO;
2;1652375638;2022-05-12 19:13;17;16;18;225;SO;
2;1652375753;2022-05-12 19:15;17;14;20;225;SO;
2;1652375870;2022-05-12 19:17;17;16;18;225;SO;
2;1652376000;2022-05-12 19:20;17;16;20;225;SO;
2;1652376113;2022-05-12 19:21;17;16;18;225;SO;
2;1652376226;2022-05-12 19:23;18;16;20;225;SO;
2;1652376342;2022-05-12 19:25;17;16;20;225;SO;
2;1652376454;2022-05-12 19:27;17;14;18;225;SO;
2;1652376570;2022-05-12 19:29;17;17;20;225;SO;
2;1652376684;2022-05-12 19:31;16;16;17;225;SO;
2;1652376797;2022-05-12 19:33;17;17;17;225;SO;
2;1652376961;2022-05-12 19:36;16;13;17;225;SO;
2;1652377077;2022-05-12 19:37;16;14;18;225;SO;
2;1652377192;2022-05-12 19:39;17;16;18;225;SO;
2;1652377308;2022-05-12 19:41;16;14;17;225;SO;
2;1652377423;2022-05-12 19:43;17;16;18;225;SO;
2;1652377540;2022-05-12 19:45;17;14;17;225;SO;
2;1652377661;2022-05-12 19:47;17;16;18;225;SO;
2;1652377775;2022-05-12 19:49;16;14;17;225;SO;
2;1652377890;2022-05-12 19:51;17;17;18;225;SO;
2;1652378006;2022-05-12 19:53;18;17;18;225;SO;
2;1652378121;2022-05-12 19:55;16;14;16;225;SO;
2;1652378234;2022-05-12 19:57;18;17;20;225;SO;
2;1652378405;2022-05-12 20:00;16;13;20;225;SO;
2;1652378529;2022-05-12 20:02;17;14;18;225;SO;
2;1652378646;2022-05-12 20:04;17;16;20;225;SO;
2;1652378760;2022-05-12 20:06;17;14;17;225;SO;
2;1652378873;2022-05-12 20:07;17;14;18;225;SO;
2;1652378989;2022-05-12 20:09;17;16;18;225;SO;
2;1652379102;2022-05-12 20:11;16;14;18;225;SO;
2;1652379216;2022-05-12 20:13;14;13;16;225;SO;
2;1652379330;2022-05-12 20:15;16;14;18;225;SO;
2;1652379443;2022-05-12 20:17;14;14;16;225;SO;
2;1652379557;2022-05-12 20:19;17;14;18;225;SO;
2;1652379722;2022-05-12 20:22;16;14;18;225;SO;
2;1652379835;2022-05-12 20:23;16;14;17;225;SO;
2;1652379953;2022-05-12 20:25;16;13;17;225;SO;
2;1652380066;2022-05-12 20:27;16;14;17;225;SO;
2;1652380179;2022-05-12 20:29;16;16;17;225;SO;
2;1652380295;2022-05-12 20:31;16;14;17;225;SO;
2;1652380408;2022-05-12 20:33;17;16;18;225;SO;
2;1652380521;2022-05-12 20:35;16;14;17;225;SO;
2;1652380636;2022-05-12 20:37;14;13;16;225;SO;
2;1652380813;2022-05-12 20:40;16;14;18;225;SO;
2;1652380926;2022-05-12 20:42;17;14;17;225;SO;
2;1652381044;2022-05-12 20:44;16;14;17;225;SO;
2;1652381159;2022-05-12 20:45;16;14;17;225;SO;
2;1652381274;2022-05-12 20:47;16;14;17;225;SO;
2;1652381391;2022-05-12 20:49;16;14;17;225;SO;
2;1652381504;2022-05-12 20:51;16;14;18;225;SO;
2;1652381618;2022-05-12 20:53;16;14;16;225;SO;
2;1652381734;2022-05-12 20:55;16;16;17;225;SO;
2;1652381850;2022-05-12 20:57;16;14;17;225;SO;
2;1652381968;2022-05-12 20:59;16;13;16;225;SO;
2;1652382081;2022-05-12 21:01;16;14;18;225;SO;
2;1652382194;2022-05-12 21:03;16;14;17;225;SO;
2;1652382359;2022-05-12 21:05;16;13;17;225;SO;
2;1652382473;2022-05-12 21:07;16;16;17;225;SO;
2;1652382587;2022-05-12 21:09;16;14;17;225;SO;
2;1652382702;2022-05-12 21:11;14;13;16;225;SO;
2;1652382815;2022-05-12 21:13;14;13;17;225;SO;
2;1652382930;2022-05-12 21:15;14;13;16;225;SO;
2;1652383044;2022-05-12 21:17;16;14;16;225;SO;
2;1652383157;2022-05-12 21:19;14;13;16;225;SO;
2;1652383322;2022-05-12 21:22;14;13;16;225;SO;
2;1652383436;2022-05-12 21:23;14;13;16;225;SO;
2;1652383550;2022-05-12 21:25;14;12;16;225;SO;
2;1652383667;2022-05-12 21:27;13;12;14;225;SO;
2;1652383781;2022-05-12 21:29;16;13;16;225;SO;
2;1652383895;2022-05-12 21:31;14;14;16;225;SO;
2;1652384011;2022-05-12 21:33;14;13;16;225;SO;
2;1652384124;2022-05-12 21:35;14;13;16;225;SO;
2;1652384240;2022-05-12 21:37;14;13;16;225;SO;
2;1652384354;2022-05-12 21:39;14;13;16;225;SO;
2;1652384517;2022-05-12 21:41;13;12;16;225;SO;
2;1652384632;2022-05-12 21:43;14;14;16;225;SO;
2;1652384748;2022-05-12 21:45;14;13;16;225;SO;
2;1652384863;2022-05-12 21:47;16;14;16;225;SO;
2;1652384980;2022-05-12 21:49;14;13;17;225;SO;
2;1652385095;2022-05-12 21:51;14;13;16;225;SO;
2;1652385209;2022-05-12 21:53;13;13;13;225;SO;
2;1652385323;2022-05-12 21:55;13;13;14;225;SO;
2;1652385437;2022-05-12 21:57;14;13;16;225;SO;
2;1652385603;2022-05-12 22:00;13;13;14;225;SO;
2;1652385717;2022-05-12 22:01;14;13;16;225;SO;
2;1652385831;2022-05-12 22:03;13;13;14;225;SO;
2;1652385945;2022-05-12 22:05;13;12;14;225;SO;
2;1652386060;2022-05-12 22:07;14;13;14;225;SO;
2;1652386174;2022-05-12 22:09;13;12;14;225;SO;
2;1652386290;2022-05-12 22:11;13;13;14;225;SO;
2;1652386403;2022-05-12 22:13;13;12;16;225;SO;
2;1652386517;2022-05-12 22:15;14;12;16;225;SO;
2;1652386684;2022-05-12 22:18;13;12;14;225;SO;
2;1652386957;2022-05-12 22:22;12;10;13;225;SO;
2;1652387160;2022-05-12 22:26;13;12;14;225;SO;
2;1652387274;2022-05-12 22:27;13;12;14;225;SO;
2;1652387390;2022-05-12 22:29;13;13;14;225;SO;
2;1652387657;2022-05-12 22:34;12;10;14;225;SO;
2;1652387777;2022-05-12 22:36;13;12;14;225;SO;
2;1652387892;2022-05-12 22:38;13;12;14;225;SO;
2;1652388005;2022-05-12 22:40;13;12;13;225;SO;
2;1652388121;2022-05-12 22:42;12;10;13;225;SO;
2;1652388235;2022-05-12 22:43;12;10;13;225;SO;
2;1652388350;2022-05-12 22:45;13;12;13;225;SO;
2;1652388466;2022-05-12 22:47;12;10;13;225;SO;
2;1652388580;2022-05-12 22:49;12;10;14;225;SO;
2;1652388695;2022-05-12 22:51;13;12;13;225;SO;
2;1652388809;2022-05-12 22:53;12;12;13;225;SO;
2;1652388924;2022-05-12 22:55;12;10;13;225;SO;
2;1652389039;2022-05-12 22:57;12;10;13;225;SO;
2;1652389194;2022-05-12 22:59;12;10;13;225;SO;
2;1652389308;2022-05-12 23:01;12;10;12;225;SO;
2;1652389423;2022-05-12 23:03;12;10;13;225;SO;
2;1652389536;2022-05-12 23:05;12;9;12;225;SO;
2;1652389650;2022-05-12 23:07;12;10;13;225;SO;
2;1652389780;2022-05-12 23:09;12;10;12;225;SO;
2;1652390049;2022-05-12 23:14;12;10;13;225;SO;
2;1652390177;2022-05-12 23:16;12;10;12;225;SO;
2;1652390289;2022-05-12 23:18;12;10;12;225;SO;
2;1652390404;2022-05-12 23:20;10;9;12;225;SO;
2;1652390516;2022-05-12 23:21;10;9;10;225;SO;
2;1652390629;2022-05-12 23:23;10;9;12;225;SO;
2;1652390747;2022-05-12 23:25;10;9;12;225;SO;
2;1652390863;2022-05-12 23:27;10;10;12;225;SO;
2;1652390978;2022-05-12 23:29;10;10;12;225;SO;
2;1652391094;2022-05-12 23:31;12;10;12;225;SO;
2;1652391209;2022-05-12 23:33;12;10;12;225;SO;
2;1652391324;2022-05-12 23:35;10;9;10;225;SO;
2;1652391438;2022-05-12 23:37;12;12;13;225;SO;
2;1652391604;2022-05-12 23:40;10;10;12;225;SO;
2;1652391720;2022-05-12 23:42;12;10;12;225;SO;
2;1652391833;2022-05-12 23:43;12;10;12;225;SO;
2;1652391950;2022-05-12 23:45;12;10;13;225;SO;
2;1652392066;2022-05-12 23:47;12;10;13;225;SO;
2;1652392180;2022-05-12 23:49;13;10;13;225;SO;
2;1652392293;2022-05-12 23:51;12;10;13;225;SO;
2;1652392407;2022-05-12 23:53;12;10;12;225;SO;
2;1652392524;2022-05-12 23:55;12;10;13;225;SO;
2;1652392795;2022-05-12 23:59;13;12;14;225;SO;
2;1652392909;2022-05-13 00:01;12;12;13;225;SO;
2;1652393023;2022-05-13 00:03;12;10;13;225;SO;
2;1652393138;2022-05-13 00:05;13;12;13;225;SO;
2;1652393252;2022-05-13 00:07;12;12;13;225;SO;
2;1652393368;2022-05-13 00:09;12;12;13;225;SO;
2;1652393481;2022-05-13 00:11;12;12;13;225;SO;
2;1652393595;2022-05-13 00:13;12;12;13;225;SO;
2;1652393760;2022-05-13 00:16;12;10;12;225;SO;
2;1652393873;2022-05-13 00:17;12;12;13;225;SO;
2;1652393986;2022-05-13 00:19;12;12;13;225;SO;
2;1652394102;2022-05-13 00:21;10;10;12;225;SO;
2;1652394215;2022-05-13 00:23;12;10;12;225;SO;
2;1652394334;2022-05-13 00:25;12;10;12;225;SO;
2;1652394447;2022-05-13 00:27;12;10;12;225;SO;
2;1652394560;2022-05-13 00:29;12;12;12;225;SO;
2;1652394674;2022-05-13 00:31;10;9;12;225;SO;
2;1652394837;2022-05-13 00:33;12;9;12;225;SO;
2;1652394953;2022-05-13 00:35;10;9;10;225;SO;
2;1652395068;2022-05-13 00:37;11;9;11;270;O;
2;1652395181;2022-05-13 00:39;11;9;11;270;O;
2;1652395294;2022-05-13 00:41;12;10;12;225;SO;
2;1652395410;2022-05-13 00:43;11;9;12;270;O;
2;1652395525;2022-05-13 00:45;11;11;12;270;O;
2;1652395640;2022-05-13 00:47;10;10;12;225;SO;
2;1652395754;2022-05-13 00:49;9;8;10;225;SO;
2;1652395921;2022-05-13 00:52;10;9;12;225;SO;
2;1652396038;2022-05-13 00:53;10;9;13;225;SO;
2;1652396156;2022-05-13 00:55;10;10;12;225;SO;
2;1652396269;2022-05-13 00:57;12;10;12;225;SO;
2;1652396386;2022-05-13 00:59;12;10;12;225;SO;
2;1652396656;2022-05-13 01:04;10;9;13;225;SO;
2;1652396771;2022-05-13 01:06;12;10;12;225;SO;
2;1652396885;2022-05-13 01:08;12;10;13;225;SO;
2;1652397001;2022-05-13 01:10;13;12;13;225;SO;
2;1652397113;2022-05-13 01:11;12;10;12;225;SO;
2;1652397227;2022-05-13 01:13;10;10;12;225;SO;
2;1652397344;2022-05-13 01:15;12;12;13;225;SO;
2;1652397459;2022-05-13 01:17;12;10;13;225;SO;
2;1652397573;2022-05-13 01:19;12;12;13;225;SO;
2;1652397689;2022-05-13 01:21;12;12;13;225;SO;
2;1652397802;2022-05-13 01:23;12;11;12;270;O;
2;1652397918;2022-05-13 01:25;12;12;13;225;SO;
2;1652398083;2022-05-13 01:28;12;12;12;225;SO;
2;1652398196;2022-05-13 01:29;10;10;12;225;SO;
2;1652398311;2022-05-13 01:31;10;9;10;225;SO;
2;1652398426;2022-05-13 01:33;10;9;12;225;SO;
2;1652398542;2022-05-13 01:35;10;9;10;225;SO;
2;1652398659;2022-05-13 01:37;10;9;10;225;SO;
2;1652398774;2022-05-13 01:39;10;9;10;225;SO;
2;1652398887;2022-05-13 01:41;9;9;10;225;SO;
2;1652399002;2022-05-13 01:43;10;9;10;225;SO;
2;1652399116;2022-05-13 01:45;10;9;10;225;SO;
2;1652399282;2022-05-13 01:48;10;10;12;225;SO;
2;1652399397;2022-05-13 01:49;10;9;12;225;SO;
2;1652399511;2022-05-13 01:51;9;9;10;225;SO;
2;1652399625;2022-05-13 01:53;10;9;12;225;SO;
2;1652399740;2022-05-13 01:55;10;10;10;225;SO;
2;1652399854;2022-05-13 01:57;9;9;10;225;SO;
2;1652399972;2022-05-13 01:59;9;9;10;225;SO;
2;1652407448;2022-05-13 04:04;8;7;9;225;SO;
2;1652414794;2022-05-13 06:06;1;1;3;225;SO;
2;1652422121;2022-05-13 08:08;3;3;3;270;O;
2;1652422316;2022-05-13 08:11;1;1;3;270;O;
2;1652422432;2022-05-13 08:13;0;0;0;270;O;
2;1652422544;2022-05-13 08:15;3;3;3;270;O;
2;1652422658;2022-05-13 08:17;3;1;3;270;O;
2;1652422774;2022-05-13 08:19;1;0;3;270;O;
2;1652422888;2022-05-13 08:21;1;0;3;270;O;
2;1652423002;2022-05-13 08:23;3;1;3;270;O;
2;1652423132;2022-05-13 08:25;1;1;3;270;O;
2;1652423247;2022-05-13 08:27;0;0;0;270;O;
2;1652423363;2022-05-13 08:29;1;1;3;270;O;
2;1652423631;2022-05-13 08:33;1;1;3;270;O;
2;1652423746;2022-05-13 08:35;3;1;3;270;O;
2;1652423861;2022-05-13 08:37;1;1;3;270;O;
2;1652423975;2022-05-13 08:39;3;3;4;270;O;
2;1652424090;2022-05-13 08:41;1;1;3;270;O;
2;1652424203;2022-05-13 08:43;1;1;1;270;O;
2;1652424320;2022-05-13 08:45;3;3;4;270;O;
2;1652424473;2022-05-13 08:47;4;4;5;270;O;
2;1652424587;2022-05-13 08:49;3;3;4;270;O;
2;1652424703;2022-05-13 08:51;1;1;3;270;O;
2;1652424817;2022-05-13 08:53;1;1;3;270;O;
2;1652424931;2022-05-13 08:55;1;1;1;270;O;
2;1652425048;2022-05-13 08:57;1;0;1;270;O;
2;1652425163;2022-05-13 08:59;0;0;0;270;O;
2;1652425277;2022-05-13 09:01;0;0;0;270;O;
2;1652425442;2022-05-13 09:04;0;0;0;270;O;
2;1652425555;2022-05-13 09:05;1;0;1;270;O;
2;1652425670;2022-05-13 09:07;0;0;0;270;O;
2;1652425785;2022-05-13 09:09;0;0;0;270;O;
2;1652425902;2022-05-13 09:11;0;0;0;270;O;
2;1652426018;2022-05-13 09:13;0;0;0;270;O;
2;1652426132;2022-05-13 09:15;0;0;0;270;O;
2;1652426247;2022-05-13 09:17;0;0;0;270;O;
2;1652426363;2022-05-13 09:19;0;0;0;270;O;
2;1652426478;2022-05-13 09:21;0;0;0;270;O;
2;1652426643;2022-05-13 09:24;0;0;0;270;O;
2;1652426760;2022-05-13 09:26;0;0;0;270;O;
2;1652426874;2022-05-13 09:27;0;0;0;270;O;
2;1652426991;2022-05-13 09:29;0;0;0;270;O;
2;1652427105;2022-05-13 09:31;1;0;1;270;O;
2;1652427220;2022-05-13 09:33;0;0;0;270;O;
2;1652427335;2022-05-13 09:35;1;1;1;270;O;
2;1652427450;2022-05-13 09:37;0;0;0;270;O;
2;1652427564;2022-05-13 09:39;0;0;0;270;O;
2;1652427700;2022-05-13 09:41;4;0;5;270;O;
2;1652427813;2022-05-13 09:43;5;5;5;270;O;
2;1652427927;2022-05-13 09:45;5;5;5;270;O;
2;1652428046;2022-05-13 09:47;5;5;7;270;O;
2;1652428161;2022-05-13 09:49;5;5;7;270;O;
2;1652428275;2022-05-13 09:51;5;5;7;270;O;
2;1652428443;2022-05-13 09:54;5;4;7;270;O;
2;1652428558;2022-05-13 09:55;7;7;8;270;O;
2;1652428673;2022-05-13 09:57;7;7;8;270;O;
2;1652428787;2022-05-13 09:59;7;7;8;270;O;
2;1652428900;2022-05-13 10:01;7;7;7;270;O;
2;1652429016;2022-05-13 10:03;7;7;8;270;O;
2;1652429131;2022-05-13 10:05;7;5;7;270;O;
2;1652429244;2022-05-13 10:07;7;7;7;270;O;
2;1652429360;2022-05-13 10:09;7;5;7;270;O;
2;1652429513;2022-05-13 10:11;7;5;8;270;O;
2;1652429627;2022-05-13 10:13;7;7;8;270;O;
2;1652429744;2022-05-13 10:15;7;7;8;270;O;
2;1652429859;2022-05-13 10:17;8;7;8;270;O;
2;1652429974;2022-05-13 10:19;8;8;8;270;O;
2;1652430087;2022-05-13 10:21;7;7;8;270;O;
2;1652430201;2022-05-13 10:23;8;7;8;270;O;
2;1652430316;2022-05-13 10:25;7;7;8;270;O;
2;1652430480;2022-05-13 10:28;7;5;8;270;O;
2;1652430607;2022-05-13 10:30;7;7;8;270;O;
2;1652430722;2022-05-13 10:32;7;7;7;270;O;
2;1652430837;2022-05-13 10:33;7;5;8;270;O;
2;1652430950;2022-05-13 10:35;7;5;7;270;O;
2;1652431065;2022-05-13 10:37;7;5;7;270;O;
2;1652431179;2022-05-13 10:39;7;7;8;270;O;
2;1652431295;2022-05-13 10:41;7;5;7;270;O;
2;1652431409;2022-05-13 10:43;7;5;8;270;O;
2;1652431524;2022-05-13 10:45;8;7;8;270;O;
2;1652431642;2022-05-13 10:47;7;7;8;270;O;
2;1652431755;2022-05-13 10:49;7;5;8;270;O;
2;1652431919;2022-05-13 10:51;8;7;8;270;O;
2;1652432034;2022-05-13 10:53;8;7;8;270;O;
2;1652432303;2022-05-13 10:58;8;7;9;270;O;
2;1652432520;2022-05-13 11:02;8;7;9;270;O;
2;1652432632;2022-05-13 11:03;8;8;9;270;O;
2;1652432747;2022-05-13 11:05;8;8;9;270;O;
2;1652432860;2022-05-13 11:07;9;8;9;270;O;
2;1652432980;2022-05-13 11:09;8;8;9;270;O;
2;1652433095;2022-05-13 11:11;9;8;11;270;O;
2;1652433208;2022-05-13 11:13;9;9;11;270;O;
2;1652433323;2022-05-13 11:15;9;8;11;270;O;
2;1652433440;2022-05-13 11:17;9;9;9;225;SO;
2;1652433598;2022-05-13 11:19;9;8;10;225;SO;
2;1652433713;2022-05-13 11:21;9;8;10;225;SO;
2;1652433827;2022-05-13 11:23;8;8;9;225;SO;
2;1652433941;2022-05-13 11:25;9;9;10;225;SO;
2;1652434057;2022-05-13 11:27;9;9;9;225;SO;
2;1652434170;2022-05-13 11:29;9;8;9;225;SO;
2;1652434284;2022-05-13 11:31;9;8;10;225;SO;
2;1652434399;2022-05-13 11:33;9;8;10;225;SO;
2;1652434564;2022-05-13 11:36;9;8;10;225;SO;
2;1652434677;2022-05-13 11:37;9;8;9;225;SO;
2;1652434792;2022-05-13 11:39;9;8;10;225;SO;
2;1652434906;2022-05-13 11:41;9;8;10;225;SO;
2;1652435019;2022-05-13 11:43;9;8;10;225;SO;
2;1652435323;2022-05-13 11:48;9;9;10;225;SO;
2;1652435515;2022-05-13 11:51;9;8;10;225;SO;
2;1652435631;2022-05-13 11:53;9;8;10;225;SO;
2;1652435745;2022-05-13 11:55;9;8;9;225;SO;
2;1652435860;2022-05-13 11:57;9;8;9;225;SO;
2;1652435974;2022-05-13 11:59;8;8;8;225;SO;
2;1652436088;2022-05-13 12:01;8;7;8;225;SO;
2;1652436216;2022-05-13 12:03;8;7;8;225;SO;
2;1652436332;2022-05-13 12:05;9;8;10;225;SO;
2;1652436447;2022-05-13 12:07;9;8;10;225;SO;
2;1652436562;2022-05-13 12:09;9;8;9;225;SO;
2;1652436674;2022-05-13 12:11;10;9;12;225;SO;
2;1652436837;2022-05-13 12:13;10;9;12;225;SO;
2;1652436952;2022-05-13 12:15;12;9;13;225;SO;
2;1652437065;2022-05-13 12:17;12;10;13;225;SO;
2;1652437179;2022-05-13 12:19;10;10;12;225;SO;
2;1652437292;2022-05-13 12:21;10;10;12;225;SO;
2;1652437406;2022-05-13 12:23;12;12;13;225;SO;
2;1652437521;2022-05-13 12:25;12;12;13;225;SO;
2;1652437633;2022-05-13 12:27;12;10;13;225;SO;
2;1652437797;2022-05-13 12:29;13;10;14;225;SO;
2;1652437912;2022-05-13 12:31;12;10;13;225;SO;
2;1652438025;2022-05-13 12:33;12;12;13;225;SO;
2;1652438139;2022-05-13 12:35;12;12;13;225;SO;
2;1652438253;2022-05-13 12:37;12;12;13;225;SO;
2;1652438365;2022-05-13 12:39;13;10;14;225;SO;
2;1652438483;2022-05-13 12:41;14;12;16;225;SO;
2;1652438598;2022-05-13 12:43;13;12;14;225;SO;
2;1652438762;2022-05-13 12:46;13;12;16;225;SO;
2;1652438878;2022-05-13 12:47;13;12;14;225;SO;
2;1652438993;2022-05-13 12:49;14;13;16;225;SO;
2;1652439106;2022-05-13 12:51;14;12;16;225;SO;
2;1652439222;2022-05-13 12:53;14;13;16;225;SO;
2;1652439492;2022-05-13 12:58;13;12;16;225;SO;
2;1652439607;2022-05-13 13:00;16;13;16;225;SO;
2;1652439722;2022-05-13 13:02;16;14;17;225;SO;
2;1652439836;2022-05-13 13:03;16;14;17;225;SO;
2;1652439950;2022-05-13 13:05;14;13;16;225;SO;
2;1652440064;2022-05-13 13:07;14;12;14;225;SO;
2;1652440195;2022-05-13 13:09;13;12;16;225;SO;
2;1652440308;2022-05-13 13:11;14;12;14;225;SO;
2;1652440422;2022-05-13 13:13;13;12;14;225;SO;
2;1652440553;2022-05-13 13:15;14;12;16;225;SO;
2;1652440683;2022-05-13 13:18;13;13;14;225;SO;
2;1652440795;2022-05-13 13:19;14;12;16;225;SO;
2;1652440911;2022-05-13 13:21;13;12;16;225;SO;
2;1652441026;2022-05-13 13:23;14;13;14;225;SO;
2;1652441138;2022-05-13 13:25;14;13;16;225;SO;
2;1652441253;2022-05-13 13:27;14;13;16;225;SO;
2;1652441371;2022-05-13 13:29;14;12;16;225;SO;
2;1652441486;2022-05-13 13:31;14;13;16;225;SO;
2;1652441599;2022-05-13 13:33;14;13;16;225;SO;
2;1652441752;2022-05-13 13:35;14;12;16;225;SO;
2;1652441867;2022-05-13 13:37;14;13;16;225;SO;
2;1652441981;2022-05-13 13:39;16;14;16;225;SO;
2;1652442096;2022-05-13 13:41;14;13;16;225;SO;
2;1652442224;2022-05-13 13:43;16;14;16;225;SO;
2;1652442339;2022-05-13 13:45;16;14;16;225;SO;
2;1652442452;2022-05-13 13:47;14;14;16;225;SO;
2;1652442572;2022-05-13 13:49;14;13;16;225;SO;
2;1652442685;2022-05-13 13:51;16;14;16;225;SO;
2;1652442801;2022-05-13 13:53;13;12;14;225;SO;
2;1652442918;2022-05-13 13:55;14;13;16;225;SO;
2;1652443083;2022-05-13 13:58;14;13;16;225;SO;
2;1652443199;2022-05-13 13:59;14;13;16;225;SO;
2;1652443329;2022-05-13 14:02;16;14;16;225;SO;
2;1652443442;2022-05-13 14:04;16;14;17;225;SO;
2;1652443562;2022-05-13 14:06;16;14;16;225;SO;
2;1652443689;2022-05-13 14:08;14;13;16;225;SO;
2;1652443802;2022-05-13 14:10;14;13;16;225;SO;
2;1652443917;2022-05-13 14:11;16;13;17;225;SO;
2;1652444030;2022-05-13 14:13;14;13;16;225;SO;
2;1652444145;2022-05-13 14:15;14;13;16;225;SO;
2;1652444258;2022-05-13 14:17;16;14;17;225;SO;
2;1652444373;2022-05-13 14:19;16;14;17;225;SO;
2;1652444518;2022-05-13 14:21;14;13;17;225;SO;
2;1652444631;2022-05-13 14:23;14;13;16;225;SO;
2;1652444744;2022-05-13 14:25;16;14;17;225;SO;
2;1652444859;2022-05-13 14:27;16;13;16;225;SO;
2;1652444971;2022-05-13 14:29;16;14;16;225;SO;
2;1652445085;2022-05-13 14:31;16;14;16;225;SO;
2;1652445204;2022-05-13 14:33;16;16;17;225;SO;
2;1652445317;2022-05-13 14:35;16;13;17;225;SO;
2;1652445484;2022-05-13 14:38;14;14;16;225;SO;
2;1652445598;2022-05-13 14:39;14;13;16;225;SO;
2;1652445712;2022-05-13 14:41;14;13;16;225;SO;
2;1652445827;2022-05-13 14:43;14;12;16;225;SO;
2;1652445941;2022-05-13 14:45;16;14;16;225;SO;
2;1652446059;2022-05-13 14:47;16;14;16;225;SO;
2;1652446173;2022-05-13 14:49;16;14;17;225;SO;
2;1652446288;2022-05-13 14:51;16;14;16;225;SO;
2;1652446402;2022-05-13 14:53;16;14;16;225;SO;
2;1652446523;2022-05-13 14:55;16;14;17;225;SO;
2;1652446638;2022-05-13 14:57;16;14;17;225;SO;
2;1652446820;2022-05-13 15:00;16;14;17;225;SO;
2;1652447036;2022-05-13 15:03;16;14;17;225;SO;
2;1652447150;2022-05-13 15:05;17;16;17;225;SO;
2;1652447266;2022-05-13 15:07;16;14;17;225;SO;
2;1652447378;2022-05-13 15:09;16;13;17;225;SO;
2;1652447491;2022-05-13 15:11;16;14;17;225;SO;
2;1652447608;2022-05-13 15:13;16;14;17;225;SO;
2;1652447721;2022-05-13 15:15;16;14;17;225;SO;
2;1652447835;2022-05-13 15:17;16;13;16;225;SO;
2;1652448000;2022-05-13 15:20;17;16;17;225;SO;
2;1652448112;2022-05-13 15:21;16;14;18;225;SO;
2;1652448227;2022-05-13 15:23;16;14;17;225;SO;
2;1652448342;2022-05-13 15:25;14;13;16;225;SO;
2;1652448459;2022-05-13 15:27;16;14;17;225;SO;
2;1652448574;2022-05-13 15:29;16;14;17;225;SO;
2;1652448687;2022-05-13 15:31;16;13;18;225;SO;
2;1652448800;2022-05-13 15:33;16;16;17;225;SO;
2;1652448914;2022-05-13 15:35;17;16;17;225;SO;
2;1652449078;2022-05-13 15:37;17;17;18;225;SO;
2;1652449192;2022-05-13 15:39;17;16;18;225;SO;
2;1652449306;2022-05-13 15:41;17;16;20;225;SO;
2;1652449421;2022-05-13 15:43;17;17;18;225;SO;
2;1652449534;2022-05-13 15:45;18;17;20;225;SO;
2;1652449652;2022-05-13 15:47;20;17;20;225;SO;
2;1652449766;2022-05-13 15:49;18;17;20;225;SO;
2;1652449881;2022-05-13 15:51;18;17;20;225;SO;
2;1652449995;2022-05-13 15:53;20;17;21;225;SO;
2;1652450160;2022-05-13 15:56;18;17;21;225;SO;
2;1652450275;2022-05-13 15:57;20;18;20;225;SO;
2;1652450390;2022-05-13 15:59;17;16;20;225;SO;
2;1652450504;2022-05-13 16:01;18;16;20;225;SO;
2;1652450621;2022-05-13 16:03;18;18;21;225;SO;
2;1652450734;2022-05-13 16:05;20;18;20;225;SO;
2;1652450850;2022-05-13 16:07;18;17;21;225;SO;
2;1652450965;2022-05-13 16:09;20;18;21;225;SO;
2;1652451080;2022-05-13 16:11;18;17;20;225;SO;
2;1652451237;2022-05-13 16:13;17;14;18;225;SO;
2;1652451353;2022-05-13 16:15;17;14;18;225;SO;
2;1652451467;2022-05-13 16:17;17;14;17;225;SO;
2;1652451584;2022-05-13 16:19;17;16;18;225;SO;
2;1652451696;2022-05-13 16:21;16;13;16;225;SO;
2;1652451811;2022-05-13 16:23;17;14;18;225;SO;
2;1652451926;2022-05-13 16:25;16;14;17;225;SO;
2;1652452041;2022-05-13 16:27;17;16;18;225;SO;
2;1652452195;2022-05-13 16:29;16;14;17;225;SO;
2;1652452310;2022-05-13 16:31;14;13;17;225;SO;
2;1652452423;2022-05-13 16:33;16;14;16;225;SO;
2;1652452538;2022-05-13 16:35;16;14;17;225;SO;
2;1652452653;2022-05-13 16:37;16;16;17;225;SO;
2;1652452779;2022-05-13 16:39;14;13;14;225;SO;
2;1652452894;2022-05-13 16:41;16;16;17;225;SO;
2;1652453009;2022-05-13 16:43;16;13;17;225;SO;
2;1652453123;2022-05-13 16:45;16;14;17;225;SO;
2;1652453238;2022-05-13 16:47;14;13;16;225;SO;
2;1652453403;2022-05-13 16:50;16;14;17;225;SO;
2;1652453516;2022-05-13 16:51;16;14;17;225;SO;
2;1652453632;2022-05-13 16:53;16;16;17;225;SO;
2;1652453746;2022-05-13 16:55;16;16;17;225;SO;
2;1652453862;2022-05-13 16:57;16;14;17;225;SO;
2;1652453977;2022-05-13 16:59;16;14;17;225;SO;
2;1652454094;2022-05-13 17:01;16;14;16;225;SO;
2;1652454225;2022-05-13 17:03;16;14;16;225;SO;
2;1652454337;2022-05-13 17:05;16;13;17;225;SO;
2;1652454466;2022-05-13 17:07;16;14;17;225;SO;
2;1652454585;2022-05-13 17:09;17;16;18;225;SO;
2;1652454700;2022-05-13 17:11;17;14;18;225;SO;
2;1652454813;2022-05-13 17:13;16;14;17;225;SO;
2;1652454928;2022-05-13 17:15;17;16;17;225;SO;
2;1652455043;2022-05-13 17:17;17;14;18;225;SO;
2;1652455158;2022-05-13 17:19;18;17;18;225;SO;
2;1652455322;2022-05-13 17:22;17;16;17;225;SO;
2;1652455436;2022-05-13 17:23;17;16;18;225;SO;
2;1652455551;2022-05-13 17:25;18;17;20;225;SO;
2;1652455663;2022-05-13 17:27;17;16;18;225;SO;
2;1652455780;2022-05-13 17:29;17;16;18;225;SO;
2;1652455894;2022-05-13 17:31;18;16;20;225;SO;
2;1652456007;2022-05-13 17:33;17;16;20;225;SO;
2;1652456119;2022-05-13 17:35;18;17;20;225;SO;
2;1652456278;2022-05-13 17:37;3;3;5;225;SO;
2;1652456391;2022-05-13 17:39;17;17;18;225;SO;
2;1652456505;2022-05-13 17:41;17;17;20;225;SO;
2;1652456620;2022-05-13 17:43;17;16;18;225;SO;
2;1652456890;2022-05-13 17:48;17;16;20;225;SO;
2;1652457005;2022-05-13 17:50;17;16;18;225;SO;
2;1652457149;2022-05-13 17:52;17;16;18;225;SO;
2;1652457354;2022-05-13 17:55;17;16;18;225;SO;
2;1652457474;2022-05-13 17:57;18;17;20;225;SO;
2;1652457588;2022-05-13 17:59;17;16;18;225;SO;
2;1652457702;2022-05-13 18:01;17;16;18;225;SO;
2;1652457819;2022-05-13 18:03;16;14;17;225;SO;
2;1652457932;2022-05-13 18:05;17;14;20;225;SO;
2;1652458047;2022-05-13 18:07;17;16;18;225;SO;
2;1652458159;2022-05-13 18:09;17;16;18;225;SO;
2;1652458316;2022-05-13 18:11;17;14;18;225;SO;
2;1652458432;2022-05-13 18:13;17;16;18;225;SO;
2;1652458547;2022-05-13 18:15;16;16;17;225;SO;
2;1652458661;2022-05-13 18:17;16;14;17;225;SO;
2;1652458932;2022-05-13 18:22;16;13;18;225;SO;
2;1652459046;2022-05-13 18:24;16;14;17;225;SO;
2;1652459162;2022-05-13 18:26;17;16;17;225;SO;
2;1652459276;2022-05-13 18:27;17;16;18;225;SO;
2;1652459393;2022-05-13 18:29;16;14;17;225;SO;
2;1652459662;2022-05-13 18:34;16;14;17;225;SO;
2;1652459878;2022-05-13 18:37;16;14;17;225;SO;
2;1652459992;2022-05-13 18:39;16;14;17;225;SO;
2;1652460105;2022-05-13 18:41;16;16;17;225;SO;
2;1652460220;2022-05-13 18:43;16;14;17;225;SO;
2;1652460334;2022-05-13 18:45;17;16;17;225;SO;
2;1652460449;2022-05-13 18:47;16;14;17;225;SO;
2;1652460563;2022-05-13 18:49;16;14;16;225;SO;
2;1652460676;2022-05-13 18:51;16;14;17;225;SO;
2;1652460842;2022-05-13 18:54;17;14;18;225;SO;
2;1652460956;2022-05-13 18:55;16;16;17;225;SO;
2;1652461226;2022-05-13 19:00;16;14;17;225;SO;
2;1652461440;2022-05-13 19:04;16;14;17;225;SO;
2;1652461554;2022-05-13 19:05;16;16;17;225;SO;
2;1652461668;2022-05-13 19:07;16;14;17;225;SO;
2;1652461938;2022-05-13 19:12;16;14;17;225;SO;
2;1652462053;2022-05-13 19:14;16;14;17;225;SO;
2;1652462166;2022-05-13 19:16;16;16;18;225;SO;
2;1652462281;2022-05-13 19:18;16;13;17;225;SO;
2;1652462398;2022-05-13 19:19;16;14;17;225;SO;
2;1652462511;2022-05-13 19:21;16;14;17;225;SO;
2;1652462625;2022-05-13 19:23;16;14;17;225;SO;
2;1652462739;2022-05-13 19:25;16;14;17;225;SO;
2;1652462853;2022-05-13 19:27;16;16;17;225;SO;
2;1652462969;2022-05-13 19:29;16;14;16;225;SO;
2;1652463082;2022-05-13 19:31;16;14;17;225;SO;
2;1652463196;2022-05-13 19:33;16;16;17;225;SO;
2;1652463363;2022-05-13 19:36;16;14;17;225;SO;
2;1652463477;2022-05-13 19:37;16;13;17;225;SO;
2;1652463590;2022-05-13 19:39;16;14;17;225;SO;
2;1652463710;2022-05-13 19:41;16;16;17;225;SO;
2;1652463823;2022-05-13 19:43;14;14;16;225;SO;
2;1652463940;2022-05-13 19:45;16;13;16;225;SO;
2;1652464213;2022-05-13 19:50;14;13;16;225;SO;
2;1652464328;2022-05-13 19:52;16;14;16;225;SO;
2;1652464442;2022-05-13 19:54;16;16;16;225;SO;
2;1652464557;2022-05-13 19:55;16;14;17;225;SO;
2;1652464672;2022-05-13 19:57;17;16;17;225;SO;
2;1652464785;2022-05-13 19:59;16;16;18;225;SO;
2;1652464930;2022-05-13 20:02;16;14;17;225;SO;
2;1652465057;2022-05-13 20:04;16;14;17;225;SO;
2;1652465171;2022-05-13 20:06;17;16;17;225;SO;
2;1652465286;2022-05-13 20:08;16;14;18;225;SO;
2;1652465399;2022-05-13 20:09;17;16;18;225;SO;
2;1652465512;2022-05-13 20:11;16;14;16;225;SO;
2;1652465627;2022-05-13 20:13;16;14;17;225;SO;
2;1652465741;2022-05-13 20:15;16;14;16;225;SO;
2;1652465853;2022-05-13 20:17;17;16;17;225;SO;
2;1652465970;2022-05-13 20:19;16;13;17;225;SO;
2;1652466083;2022-05-13 20:21;14;13;16;225;SO;
2;1652466196;2022-05-13 20:23;16;14;17;225;SO;
2;1652466361;2022-05-13 20:26;14;14;16;225;SO;
2;1652466475;2022-05-13 20:27;17;16;17;225;SO;
2;1652466589;2022-05-13 20:29;14;13;16;225;SO;
2;1652466703;2022-05-13 20:31;16;13;17;225;SO;
2;1652466816;2022-05-13 20:33;16;14;16;225;SO;
2;1652466931;2022-05-13 20:35;16;14;17;225;SO;
2;1652467045;2022-05-13 20:37;16;16;17;225;SO;
2;1652467160;2022-05-13 20:39;14;13;16;225;SO;
2;1652467326;2022-05-13 20:42;16;14;17;225;SO;
2;1652467439;2022-05-13 20:43;16;16;17;225;SO;
2;1652467555;2022-05-13 20:45;16;16;17;225;SO;
2;1652467670;2022-05-13 20:47;14;13;17;225;SO;
2;1652467785;2022-05-13 20:49;16;14;17;225;SO;
2;1652467898;2022-05-13 20:51;16;14;17;225;SO;
2;1652468013;2022-05-13 20:53;14;13;16;225;SO;
2;1652468131;2022-05-13 20:55;16;14;17;225;SO;
2;1652468247;2022-05-13 20:57;16;14;16;225;SO;
2;1652468361;2022-05-13 20:59;17;16;17;225;SO;
2;1652468476;2022-05-13 21:01;17;14;18;225;SO;
2;1652468642;2022-05-13 21:04;16;14;18;225;SO;
2;1652468758;2022-05-13 21:05;16;14;17;225;SO;
2;1652468871;2022-05-13 21:07;17;14;18;225;SO;
2;1652468986;2022-05-13 21:09;16;14;17;225;SO;
2;1652469098;2022-05-13 21:11;16;16;18;225;SO;
2;1652469213;2022-05-13 21:13;16;14;17;225;SO;
2;1652469345;2022-05-13 21:15;16;13;17;225;SO;
2;1652469458;2022-05-13 21:17;17;14;18;225;SO;
2;1652469573;2022-05-13 21:19;16;14;18;225;SO;
2;1652469687;2022-05-13 21:21;16;13;17;225;SO;
2;1652469800;2022-05-13 21:23;16;16;17;225;SO;
2;1652469918;2022-05-13 21:25;14;13;16;225;SO;
2;1652470081;2022-05-13 21:28;14;13;16;225;SO;
2;1652470196;2022-05-13 21:29;14;13;17;225;SO;
2;1652470311;2022-05-13 21:31;14;13;16;225;SO;
2;1652470425;2022-05-13 21:33;14;12;16;225;SO;
2;1652470541;2022-05-13 21:35;16;14;16;225;SO;
2;1652470661;2022-05-13 21:37;16;14;16;225;SO;
2;1652470775;2022-05-13 21:39;14;13;14;225;SO;
2;1652470891;2022-05-13 21:41;16;14;16;225;SO;
2;1652471008;2022-05-13 21:43;14;13;16;225;SO;
2;1652471120;2022-05-13 21:45;14;13;16;225;SO;
2;1652471236;2022-05-13 21:47;14;13;16;225;SO;
2;1652471398;2022-05-13 21:49;16;14;17;225;SO;
2;1652471516;2022-05-13 21:51;14;13;16;225;SO;
2;1652471632;2022-05-13 21:53;16;14;17;225;SO;
2;1652471746;2022-05-13 21:55;14;14;16;225;SO;
2;1652471862;2022-05-13 21:57;16;14;17;225;SO;
2;1652471977;2022-05-13 21:59;16;14;16;225;SO;
2;1652472091;2022-05-13 22:01;14;13;16;225;SO;
2;1652472218;2022-05-13 22:03;16;14;17;225;SO;
2;1652472332;2022-05-13 22:05;16;14;16;225;SO;
2;1652472445;2022-05-13 22:07;14;13;16;225;SO;
2;1652472560;2022-05-13 22:09;14;13;16;225;SO;
2;1652472673;2022-05-13 22:11;14;13;14;225;SO;
2;1652472837;2022-05-13 22:13;14;12;16;225;SO;
2;1652472951;2022-05-13 22:15;14;13;14;225;SO;
2;1652473065;2022-05-13 22:17;14;13;16;225;SO;
2;1652473180;2022-05-13 22:19;14;13;16;225;SO;
2;1652473295;2022-05-13 22:21;13;12;14;225;SO;
2;1652473426;2022-05-13 22:23;13;13;14;225;SO;
2;1652473540;2022-05-13 22:25;13;12;13;225;SO;
2;1652473653;2022-05-13 22:27;14;13;14;225;SO;
2;1652473766;2022-05-13 22:29;13;12;14;225;SO;
2;1652473881;2022-05-13 22:31;13;13;14;225;SO;
2;1652473994;2022-05-13 22:33;13;12;14;225;SO;
2;1652474158;2022-05-13 22:35;13;12;14;225;SO;
2;1652474272;2022-05-13 22:37;12;12;13;225;SO;
2;1652474386;2022-05-13 22:39;13;12;13;225;SO;
2;1652474502;2022-05-13 22:41;13;12;13;225;SO;
2;1652474771;2022-05-13 22:46;12;12;13;225;SO;
2;1652474885;2022-05-13 22:48;12;10;12;225;SO;
2;1652475001;2022-05-13 22:50;10;10;12;225;SO;
2;1652475117;2022-05-13 22:51;10;9;10;225;SO;
2;1652475231;2022-05-13 22:53;10;9;12;225;SO;
2;1652475345;2022-05-13 22:55;12;12;13;225;SO;
2;1652475773;2022-05-13 23:02;12;10;13;225;SO;
2;1652475957;2022-05-13 23:05;12;10;13;225;SO;
2;1652476076;2022-05-13 23:07;13;12;13;225;SO;
2;1652476189;2022-05-13 23:09;12;12;13;225;SO;
2;1652476301;2022-05-13 23:11;12;12;13;225;SO;
2;1652476418;2022-05-13 23:13;13;13;14;225;SO;
2;1652476532;2022-05-13 23:15;13;12;13;225;SO;
2;1652476662;2022-05-13 23:17;13;12;14;225;SO;
2;1652476778;2022-05-13 23:19;12;10;13;225;SO;
2;1652476893;2022-05-13 23:21;14;13;14;225;SO;
2;1652477009;2022-05-13 23:23;17;16;17;225;SO;
2;1652477122;2022-05-13 23:25;16;14;17;225;SO;
2;1652477234;2022-05-13 23:27;16;14;17;225;SO;
2;1652477399;2022-05-13 23:29;14;12;16;225;SO;
2;1652477515;2022-05-13 23:31;14;13;16;225;SO;
2;1652477628;2022-05-13 23:33;14;13;16;225;SO;
2;1652477743;2022-05-13 23:35;14;14;16;225;SO;
2;1652477859;2022-05-13 23:37;16;14;17;225;SO;
2;1652477975;2022-05-13 23:39;16;14;17;225;SO;
2;1652478091;2022-05-13 23:41;16;16;17;225;SO;
2;1652478205;2022-05-13 23:43;14;13;17;225;SO;
2;1652478322;2022-05-13 23:45;16;14;17;225;SO;
2;1652478436;2022-05-13 23:47;14;13;16;225;SO;
2;1652478601;2022-05-13 23:50;14;13;17;225;SO;
2;1652478717;2022-05-13 23:51;14;13;17;225;SO;
2;1652478831;2022-05-13 23:53;16;14;17;225;SO;
2;1652478944;2022-05-13 23:55;16;14;16;225;SO;
2;1652479059;2022-05-13 23:57;16;14;18;225;SO;
2;1652479174;2022-05-13 23:59;16;14;17;225;SO;
2;1652479289;2022-05-14 00:01;16;16;17;225;SO;
2;1652479402;2022-05-14 00:03;16;16;17;225;SO;
2;1652479513;2022-05-14 00:05;16;16;17;225;SO;
2;1652479678;2022-05-14 00:07;16;14;17;225;SO;
2;1652479792;2022-05-14 00:09;16;16;17;225;SO;
2;1652479906;2022-05-14 00:11;16;14;18;225;SO;
2;1652480021;2022-05-14 00:13;16;14;16;225;SO;
2;1652480135;2022-05-14 00:15;16;14;16;225;SO;
2;1652480247;2022-05-14 00:17;16;14;17;225;SO;
2;1652480364;2022-05-14 00:19;16;13;17;225;SO;
2;1652480480;2022-05-14 00:21;16;14;17;225;SO;
2;1652480633;2022-05-14 00:23;14;12;16;225;SO;
2;1652480750;2022-05-14 00:25;14;12;16;225;SO;
2;1652480863;2022-05-14 00:27;14;13;14;225;SO;
2;1652480978;2022-05-14 00:29;14;14;16;225;SO;
2;1652481091;2022-05-14 00:31;16;14;16;225;SO;
2;1652481206;2022-05-14 00:33;16;16;18;225;SO;
2;1652481324;2022-05-14 00:35;16;14;16;225;SO;
2;1652481437;2022-05-14 00:37;16;13;17;225;SO;
2;1652481602;2022-05-14 00:40;14;12;16;225;SO;
2;1652481718;2022-05-14 00:41;14;13;16;225;SO;
2;1652481831;2022-05-14 00:43;16;14;17;225;SO;
2;1652481944;2022-05-14 00:45;16;13;17;225;SO;
2;1652482060;2022-05-14 00:47;14;13;16;225;SO;
2;1652482174;2022-05-14 00:49;14;13;16;225;SO;
2;1652482291;2022-05-14 00:51;16;13;17;225;SO;
2;1652482405;2022-05-14 00:53;16;13;17;225;SO;
2;1652482522;2022-05-14 00:55;16;16;17;225;SO;
2;1652482637;2022-05-14 00:57;16;14;18;225;SO;
2;1652482802;2022-05-14 01:00;14;13;16;225;SO;
2;1652482917;2022-05-14 01:01;14;13;16;225;SO;
2;1652483032;2022-05-14 01:03;16;12;17;225;SO;
2;1652483145;2022-05-14 01:05;17;16;18;225;SO;
2;1652483258;2022-05-14 01:07;16;14;17;225;SO;
2;1652483390;2022-05-14 01:09;16;14;17;225;SO;
2;1652483504;2022-05-14 01:11;16;16;17;225;SO;
2;1652483620;2022-05-14 01:13;16;14;17;225;SO;
2;1652483733;2022-05-14 01:15;16;14;17;225;SO;
2;1652483846;2022-05-14 01:17;16;14;17;225;SO;
2;1652483972;2022-05-14 01:19;16;14;18;225;SO;
2;1652484085;2022-05-14 01:21;14;12;16;225;SO;
2;1652484199;2022-05-14 01:23;16;16;18;225;SO;
2;1652484355;2022-05-14 01:25;16;14;17;225;SO;
2;1652484479;2022-05-14 01:27;14;13;16;225;SO;
2;1652484594;2022-05-14 01:29;16;14;17;225;SO;
2;1652484708;2022-05-14 01:31;16;13;17;225;SO;
2;1652484825;2022-05-14 01:33;16;14;17;225;SO;
2;1652484940;2022-05-14 01:35;16;14;17;225;SO;
2;1652485053;2022-05-14 01:37;17;14;18;225;SO;
2;1652485167;2022-05-14 01:39;16;16;17;225;SO;
2;1652485286;2022-05-14 01:41;16;14;16;225;SO;
2;1652485400;2022-05-14 01:43;17;14;18;225;SO;
2;1652485563;2022-05-14 01:46;17;16;20;225;SO;
2;1652485678;2022-05-14 01:47;17;16;20;225;SO;
2;1652485792;2022-05-14 01:49;18;17;21;225;SO;
2;1652485905;2022-05-14 01:51;17;16;18;225;SO;
2;1652486022;2022-05-14 01:53;17;16;20;225;SO;
2;1652486136;2022-05-14 01:55;17;16;18;225;SO;
2;1652486251;2022-05-14 01:57;17;17;18;225;SO;
2;1652486370;2022-05-14 01:59;17;16;17;225;SO;
